"region","site_name","popularity","ocean_acce","richness","OA","AM","PP"
"Yucatan Peninsula","132_DEGREE",6,1.960153057,5913,0,1,0
"Yucatan Peninsula","40_CANNONS",6,2.208529124,5837,0,1,0
"Northwest Mexico","85_FT_REEF",4,2.428165463,1200,0,1,0
"Northwest Mexico","ABANICOS",2,2.762269282,3513,1,0,0
"Mexican Pacific","AC_LAS_CUEVAS",3,3.394543534,3478,1,0,0
"Northwest Mexico","ACANTILADO_EL_FARO",2,1.553165949,3345,1,0,0
"Mexican Pacific","ACUARIO",0,0,475,0,0,1
"Northwest Mexico","AG_ANIMAS",1,1.278252787,2770,0,0,1
"Northwest Mexico","AG_ANIMAS_LAVADERO",2,1.257554686,2770,0,0,1
"Northwest Mexico","AGUA_DULCE",1,2.267594957,1204,1,0,0
"Mexican Pacific","AHOGADA",5,3.62381112,3853,1,0,0
"Gulf of Mexico","AHOGADO_2",1,4.254657956,5065,0,1,0
"Gulf of Mexico","AHOGADO_4",1,4.442984019,5065,0,1,0
"Gulf of Mexico","AHOGADO_DE_LA_I",1,4.428103198,5065,0,1,0
"Gulf of Mexico","AHOGADO_DEL_ARQUITECTO",1,4.254657956,5065,0,1,0
"Yucatan Peninsula","AK_LA_ISLA",1,4.587337669,NA,0,1,0
"Northwest Mexico","AMARRADERO",3,2.755207087,3811,0,1,0
"Gulf of Mexico","ANA_ELENA",1,2.944157579,5065,0,1,0
"Northwest Mexico","ANEGADA",12,3.90101087,2938,0,1,0
"Gulf of Mexico","ANEGADA_DE_ADENTRO",9,4.220930582,5065,0,1,0
"Gulf of Mexico","ANEGADA_DE_AFUERA",13,2.898808131,5065,0,1,0
"Northwest Mexico","ANEGADOS",5,2.806279599,NA,0,1,0
"Northwest Mexico","ANGELES_LOCOS",5,2.147886977,3876,1,0,0
"Northwest Mexico","ANIMAS",41,1.68599573,3629,1,0,0
"Gulf of Mexico","AOGADO_DEL_ARQUITECTO_GOGLE",1,4.254657956,5065,0,1,0
"Mexican Pacific","AQUARIUM",4,4.277181892,3853,1,0,0
"Northwest Mexico","ARCO_SAN_LUCAS",8,3.671871894,2938,0,1,0
"Yucatan Peninsula","ARENAL_DE_LA_GORDA",3,4.595393609,6244,0,1,0
"Yucatan Peninsula","ARISTOS",17,8.239234645,6039,0,0,1
"Yucatan Peninsula","ARRECIFE_ALACRANES",3,1.008131045,5142,0,0,1
"Gulf of Mexico","ARRECIFE_CABEZO",13,2.93856518,5065,0,1,0
"Gulf of Mexico","ARRECIFE_DE_ENMEDIO",5,1.861557518,5940,0,1,0
"Yucatan Peninsula","ARRECIFE_DICK",0,0,NA,0,1,0
"Yucatan Peninsula","ARRECIFE_GONZALO",3,4.845143637,NA,0,1,0
"Yucatan Peninsula","ARRECIFE_IXLACHE",1,2.271893212,4167,0,1,0
"Northwest Mexico","ARRECIFE_MARIO",26,2.854616936,3805,0,0,1
"Gulf of Mexico","ARRECIFE_PAJAROS",14,4.834679048,5065,0,1,0
"Gulf of Mexico","ARRECIFE_POLO",14,4.38907644,5065,0,1,0
"Gulf of Mexico","ARRECIFE_RIZO",13,4.336289552,5065,0,1,0
"Northwest Mexico","ARRECIFE_SACRAMENTO",1,1.609087536,1468,1,0,0
"Northwest Mexico","ARRECIFE_SAN_MIGUEL",1,3.669069234,1437,1,0,0
"Gulf of Mexico","ARRECIFE_TUXPAN",9,2.908907812,5556,0,1,0
"Yucatan Peninsula","ATLANTIS",3,7.912586154,6039,0,1,0
"Yucatan Peninsula","AVENTURAS_REEF",0,0,NA,0,1,0
"Northwest Mexico","BAH<U+FFFD>A_LA_CHOYA",2,3.145357668,2491,1,0,0
"Northwest Mexico","BAJITO",1,1.703869227,3681,0,0,1
"Northwest Mexico","BAJO",67,1.56208381,3681,1,0,0
"Northwest Mexico","BAJO_DE_90",2,2.5969039,3513,1,0,0
"Northwest Mexico","BAJO_DE_CRISTO",3,3.855119833,3811,1,0,0
"Northwest Mexico","BAJO_DE_LA_MANTA",3,2.747741812,3811,1,0,0
"Mexican Pacific","BAJO_LA_QUEBRADA",4,3.18674863,3478,1,0,0
"Northwest Mexico","BAJO_LOS_MEROS",51,2.679834796,3805,0,0,1
"Northwest Mexico","BAJO_SAN_JOSE",1,1.668178918,1204,1,0,0
"Northwest Mexico","BAJO_SAN_MIGIEL",1,3.282793585,1437,0,1,0
"Northwest Mexico","BAJO_SUBAMRINO",5,5.06246378,3647,1,0,0
"Yucatan Peninsula","BAJOS_DE_MOLAS",27,2.503475435,6160,0,1,0
"Northwest Mexico","BALLENA",65,1.889620548,3681,0,1,0
"Yucatan Peninsula","BALLENA",1,3.545264277,NA,0,1,0
"Northwest Mexico","BALLENA_CSL",11,2.713452864,2938,1,0,0
"Yucatan Peninsula","BANDERAS",22,7.968582421,6039,0,0,1
"Yucatan Peninsula","BARBONES",2,7.76343373,6039,0,0,1
"Gulf of Mexico","BARCO_DE_VALIENTES",1,3.07471442,5065,0,1,0
"Yucatan Peninsula","BARCO_HUNDIDO_CONTOY",1,2.357015911,4167,0,1,0
"Mexican Pacific","BARQUITO",8,3.732227992,2847,1,0,0
"Northwest Mexico","BARRA_DE AFUERA",21,2.82482017,3805,0,0,1
"Northwest Mexico","BARRA_FLOR_MONTALVA",1,0.984374259,2603,1,0,0
"Yucatan Peninsula","BARRACUDA",58,6.098330813,6244,0,1,0
"Yucatan Peninsula","BARRACUDA_REEF",65,6.692301751,6244,0,1,0
"Northwest Mexico","BEACH",8,1.900370079,3607,1,0,0
"Gulf of Mexico","BLAKE",2,1.824187062,5556,1,0,0
"Gulf of Mexico","BLANQUILLA_BOYA_CENTRO",1,4.710350338,5065,0,1,0
"Gulf of Mexico","BLANQUILLA_LADO_DE_AFUERA",1,4.637418924,5065,0,1,0
"Gulf of Mexico","BLANQUILLA_NORTE",1,4.633833124,5065,0,1,0
"Gulf of Mexico","BLANQUILLA_SUR",1,4.710350338,5065,0,1,0
"Yucatan Peninsula","BLANQUIZAR",2,2.603810938,1908,0,1,0
"Yucatan Peninsula","BLANQUIZARES",2,3.109419453,4004,0,1,0
"Gulf of Mexico","BLANQUZALES",5,2.014407925,1126,0,1,0
"Northwest Mexico","BLOW_HOLE",16,2.589086382,2938,1,0,0
"Yucatan Peninsula","BLUE_HA_REEF",2,4.594751823,5837,0,1,0
"Northwest Mexico","BOCA_ANIMAS",1,2.399634945,2219,0,1,0
"Mexican Pacific","BOCA_CHICA",1,3.616171673,3478,1,0,0
"Northwest Mexico","BOCA_PALMERITO",1,2.459081589,2944,1,0,0
"Northwest Mexico","BOCA_SAN_ANDRES",1,2.797861287,2219,1,0,0
"Northwest Mexico","BOCA_SAN_GREGORIO",0,0,1883,1,0,0
"Northwest Mexico","BOCA_SANTO_DOMINGO",1,1.714469985,2219,0,1,0
"Northwest Mexico","BOCANA",1,1.790492409,1468,1,0,0
"Gulf of Mexico","BORRE",1,4.413847318,5065,0,1,0
"Northwest Mexico","BORREGO",1,2.671067164,2741,0,1,0
"Northwest Mexico","BOULDERS",8,1.895019072,3607,1,0,0
"Yucatan Peninsula","BOYA_DE_LOS_LOCOS",11,8.319754664,1853,0,0,1
"Yucatan Peninsula","BOYA_DEL_PUENTE",8,7.981247516,1853,0,1,0
"Mexican Pacific","BOYLER",15,0.286851101,432,0,0,1
"Mexican Pacific","BRISAS_JETTY",0,0,3853,1,0,0
"Mexican Pacific","BUFADERO",1,3.32748406,3478,1,0,0
"Northwest Mexico","BULLDOG",5,2.857090209,NA,0,1,0
"Northwest Mexico","BUQUE_URIBE_121",1,2.373990508,1437,1,0,0
"Northwest Mexico","CABEZA_CABALLO",1,2.612135608,2741,0,1,0
"Northwest Mexico","CABO_CORZO",1,2.309630024,2470,1,0,0
"Gulf of Mexico","CABO_MEX_EXT_N",1,4.408321471,5065,0,1,0
"Gulf of Mexico","CABO_MEX_EXT_S",1,4.375662672,5065,0,1,0
"Mexican Pacific","CABO_PEARCE",10,0.207652722,475,0,0,1
"Northwest Mexico","CABO_SAN_QUINTIN",1,2.536502103,1198,1,0,0
"Mexican Pacific","CACALUTA",6,3.04353549,2847,0,0,1
"Gulf of Mexico","CADENA_DEL_RUSO",1,4.189103232,5065,0,1,0
"Yucatan Peninsula","CADENITA",4,7.567809223,4167,0,0,1
"Northwest Mexico","CALAVERA",1,1.554781293,1204,1,0,0
"Yucatan Peninsula","CALDERAS",1,2.293807986,4167,0,1,0
"Mexican Pacific","CALETA",2,3.845313972,3478,1,0,0
"Yucatan Peninsula","CALETA",0,0,6244,0,1,0
"Mexican Pacific","CALETA_DE_CHON",8,4.547927765,1770,1,0,0
"Northwest Mexico","CALETAS",0,0,3811,1,0,0
"Northwest Mexico","CAMARON",5,2.575231766,3466,0,1,0
"Gulf of Mexico","CAMARONERO",1,2.969042219,5065,0,1,0
"Northwest Mexico","CAMPO_7",1,3.082411793,1343,1,0,0
"Northwest Mexico","CAMPO_KENNEDY",1,4.463032428,1204,1,0,0
"Northwest Mexico","CAMPO_LUNA",2,0.510648347,1744,0,1,0
"Gulf of Mexico","CA<U+FFFD>ADA_DEL_DIABLO",1,2.88585459,5065,0,1,0
"Gulf of Mexico","CA<U+FFFD>ADA_DEL_DIABLO_2",1,2.892294519,5065,0,1,0
"Gulf of Mexico","CA<U+FFFD>ADAS_1",1,2.921782915,5065,0,1,0
"Gulf of Mexico","CA<U+FFFD>ADAS_2",1,2.921782915,5065,0,1,0
"Gulf of Mexico","CA<U+FFFD>ADAS_3",1,2.921782915,5065,0,1,0
"Mexican Pacific","CANAL",1,3.45359166,3478,1,0,0
"Northwest Mexico","CANDELEROS",8,2.311230394,NA,1,0,0
"Yucatan Peninsula","CANNONS",3,3.1305488,6244,0,1,0
"Mexican Pacific","CA<U+FFFD>ON",11,0.283233556,432,0,0,1
"Gulf of Mexico","CA<U+FFFD>ON_DE_JUAREZ",1,4.274050396,5065,0,1,0
"Yucatan Peninsula","CA<U+FFFD>ONES",2,3.253286303,1908,0,1,0
"Yucatan Peninsula","CA<U+FFFD>ONES_CABRILLA",7,4.29213728,NA,0,1,0
"Yucatan Peninsula","CANTAREL",0,0,6244,0,1,0
"Northwest Mexico","CANTIL",46,2.796507311,3805,0,0,1
"Gulf of Mexico","CAOMEX",1,4.235907678,5065,0,1,0
"Yucatan Peninsula","CAPITAN_LAFFITE",7,4.398083708,6244,0,1,0
"Yucatan Peninsula","CARDONA",32,5.966624053,6244,0,0,1
"Northwest Mexico","CARDONAL",1,2.691882973,3878,1,0,0
"Northwest Mexico","CAREYES",3,4.030578006,3876,1,0,0
"Mexican Pacific","CARRIZALES",0,0,3853,1,0,0
"Mexican Pacific","CARRIZALILLO",1,4.440915047,NA,1,0,0
"Mexican Pacific","CASA_DEL_ARABE",1,3.401353297,3478,1,0,0
"Mexican Pacific","CASA_DEL_FABRI",1,3.285316903,3478,1,0,0
"Northwest Mexico","CASCADAS_ARENA",15,3.90101087,2938,0,1,0
"Northwest Mexico","CASCALITAS",2,1.895019072,3607,1,0,0
"Northwest Mexico","CASINO_POINT",5,2.298306829,1200,0,1,0
"Northwest Mexico","CASITAS",24,3.143288793,3805,0,0,1
"Yucatan Peninsula","CATEDRAL",11,3.876770463,6244,0,0,1
"Northwest Mexico","CAVE",10,1.905489048,3607,1,0,0
"Gulf of Mexico","CEMENTERIOS",1,2.969042219,5065,0,1,0
"Yucatan Peninsula","CEREBROS",50,6.352877825,6244,0,1,0
"Northwest Mexico","CERRO_COLORADO",2,2.628089837,3513,1,0,0
"Yucatan Peninsula","CHAC_CHI_REEF",1,2.927757562,NA,0,1,0
"Mexican Pacific","CHACHACUAL",7,2.704178182,2847,0,1,0
"Yucatan Peninsula","CHANCANAAB",79,6.519811169,6244,0,0,1
"Yucatan Peninsula","CHANKANNAB_BOLONES",11,6.128093378,6244,0,0,1
"Yucatan Peninsula","CHEN_RIO",25,4.001922066,6244,0,1,0
"Northwest Mexico","CHILENO",13,2.558253026,2938,1,0,0
"Yucatan Peninsula","CHIMINEA",4,3.134478499,4004,0,0,1
"Northwest Mexico","CHIMO",23,3.85093451,3811,1,0,0
"Yucatan Peninsula","CHITALES",27,7.998863184,6039,0,0,1
"Northwest Mexico","CHOLLA",5,2.259510666,3466,0,0,1
"Gulf of Mexico","CHOPAS",13,4.600806437,5065,0,1,0
"Yucatan Peninsula","CHUCHOS",5,7.80524999,6039,0,1,0
"Yucatan Peninsula","CHUM_CHACAAB_REEF",59,3.843270856,6244,0,0,1
"Yucatan Peninsula","CHUNZUMBUL",59,4.827364393,6244,0,1,0
"Yucatan Peninsula","CHUNZUMBUL_REEF",1,4.827364393,6244,0,1,0
"Northwest Mexico","CICU",2,2.82482017,3805,0,0,1
"Yucatan Peninsula","CIUDAD_UNDIDA",2,2.723450535,1908,0,1,0
"Mexican Pacific","CLARION",6,0,389,0,0,1
"Mexican Pacific","CLUB_DE_YATES",0,0,3853,1,0,0
"Yucatan Peninsula","COCO_BEACH",4,6.092547163,6244,0,1,0
"Yucatan Peninsula","COFRE",8,3.644463735,1853,1,0,0
"Gulf of Mexico","COLAS_DE_GATO",1,4.220930582,5065,0,1,0
"Northwest Mexico","COLOMITOS",9,5.145579082,3811,1,0,0
"Northwest Mexico","COLORADA",1,1.999649428,1772,0,1,0
"Yucatan Peninsula","COLUMBIA_DEEP",38,4.224846698,6244,0,0,1
"Yucatan Peninsula","COLUMBIA_REEF",80,4.224846698,6244,0,0,1
"Northwest Mexico","CONTRABANDO",1,3.467618359,3062,0,0,1
"Yucatan Peninsula","COQUITOS",2,3.235312732,NA,0,1,0
"Yucatan Peninsula","CORAL_GARDEN",3,2.937832657,4004,0,1,0
"Northwest Mexico","CORBETE<U+FFFD>A",22,2.749474158,3811,1,0,0
"Northwest Mexico","CORONADITO",2,2.256498642,2741,0,1,0
"Northwest Mexico","CORONADO_NORTE",7,2.14672669,581,0,1,0
"Northwest Mexico","CORONADO_PUNTA_BLANCA",2,2.298640047,NA,1,0,0
"Northwest Mexico","CORONADO_PUNTA_ESTE",2,2.308908096,2741,0,1,0
"Northwest Mexico","CORONADO_TIJERETAS",2,2.461653491,2741,0,1,0
"Northwest Mexico","CORONADOS_REEF",2,2.428165463,1200,0,1,0
"Northwest Mexico","CORRALITO",1,2.503990629,3681,0,1,0
"Mexican Pacific","CORSARIO",1,3.547550334,3478,1,0,0
"Gulf of Mexico","COSTILLA",1,2.281431163,5065,0,1,0
"Mexican Pacific","COYOTE",5,2.475874424,2847,1,0,0
"Yucatan Peninsula","CRUZ",8,7.939922889,6039,0,0,1
"Yucatan Peninsula","CRUZ_DE_LA_BAHIA",3,7.912586154,6039,0,0,1
"Northwest Mexico","CUASTECOMATES",3,2.670713195,2445,1,0,0
"Gulf of Mexico","CUBERA",1,2.892294519,5065,0,1,0
"Gulf of Mexico","CUBITOS",1,2.905397139,5065,0,1,0
"Yucatan Peninsula","CUEVA_DE_LA_BAHIA",3,7.939922889,6039,0,0,1
"Yucatan Peninsula","CUEVA_DE_TIBURONES",9,1.502715944,6039,0,1,0
"Yucatan Peninsula","CUEVA_DEL_ARCO",5,1.589616477,6039,0,1,0
"Yucatan Peninsula","CUEVA_DEL_PARGO",29,4.099262599,6244,1,0,0
"Yucatan Peninsula","CUEVA_LOS_POSIBLES",4,1.571487259,6039,0,1,0
"Yucatan Peninsula","CUEVAS_AFUERA",27,7.847556314,6039,0,0,1
"Yucatan Peninsula","CUEVE<U+FFFD>OS",2,8.685640139,6039,0,0,1
"Mexican Pacific","CUEVITAS_REV",2,0.284440682,432,0,0,1
"Yucatan Peninsula","CUEVONES",10,7.968582421,6039,0,0,1
"Northwest Mexico","DEDO_NEPTUNO",29,3.671871894,2938,0,1,0
"Northwest Mexico","DEER_ISLAND",6,3.937313505,3647,1,0,0
"Northwest Mexico","DEVIL'S_JAW",1,3.919823377,3811,1,0,0
"Yucatan Peninsula","DO<U+FFFD>A_NICA",2,3.052179819,1908,0,1,0
"Northwest Mexico","DON'S_TUB",1,3.327556805,2491,1,0,0
"Yucatan Peninsula","DREAM_REEF",2,3.110058755,NA,0,1,0
"Gulf of Mexico","DUENDES",1,2.658124967,5065,0,0,1
"Yucatan Peninsula","DZILAM_DE_BRAVO",0,0,3728,1,0,0
"Northwest Mexico","EAGLE_ROCK",6,5.417373608,3647,1,0,0
"Gulf of Mexico","EL_ANCLA",1,2.976512744,5065,0,1,0
"Northwest Mexico","EL_CA<U+FFFD>ON_ARCOS",3,3.878446981,3811,1,0,0
"Yucatan Peninsula","EL_CA<U+FFFD>ON_PC",1,6.016844283,6244,0,1,0
"Mexican Pacific","EL_CHATO",6,4.078086257,1770,1,0,0
"Northwest Mexico","EL_CHOYUDO",5,1.678997658,2922,1,0,0
"Yucatan Peninsula","EL_ESFUERZO",1,6.669764509,6244,0,1,0
"Mexican Pacific","EL_FARO",7,4.448324399,1770,1,0,0
"Mexican Pacific","EL_GUANO",2,3.363213287,3478,1,0,0
"Yucatan Peninsula","EL_ISLOTE",0,0,6244,0,0,1
"Yucatan Peninsula","EL_MIRADOR",21,3.935363562,6244,0,1,0
"Northwest Mexico","EL_MORRO",30,2.150311943,3811,1,0,0
"Mexican Pacific","EL_MORRO_AC",1,3.124439825,3478,1,0,0
"Northwest Mexico","EL_MORRO_MAR",1,0.983058897,3806,0,1,0
"Northwest Mexico","EL_PARDITO",1,2.510582767,3629,1,0,0
"Northwest Mexico","EL_SEQUEDAL",10,2.81661318,3811,1,0,0
"Yucatan Peninsula","EL_TUNEL",27,8.340972835,6039,0,0,1
"Yucatan Peninsula","EL_UVERO",1,1.764026159,5913,0,1,0
"Northwest Mexico","ENSENADA",1,4.855701728,1343,1,0,0
"Northwest Mexico","ENSENADA_GRANDE",0,0,3647,1,0,0
"Mexican Pacific","ENTREGA",14,4.422503698,2847,1,0,0
"Yucatan Peninsula","ERRADURA",0,0,NA,0,0,1
"Northwest Mexico","ESCALERA",2,3.628783128,3513,1,0,0
"Yucatan Peninsula","ESCALONES",0,0,5837,0,1,0
"Yucatan Peninsula","ESCUELA",2,5.104755252,6244,0,1,0
"Yucatan Peninsula","ESCUELA_REEF",2,5.321868986,NA,0,1,0
"Yucatan Peninsula","ESFUERZO",7,5.430282168,6244,0,1,0
"Northwest Mexico","ESPERANZA",49,2.872159337,3805,0,0,1
"Yucatan Peninsula","ESPONJAS",2,4.58732968,NA,0,1,0
"Northwest Mexico","ESTERO_SAN_JORGE",1,1.7335002,2219,1,0,0
"Northwest Mexico","ESTERO_SAN_RAFAEL",0,0,2219,1,0,0
"Gulf of Mexico","ESTUFA_DEL_DIABLO",1,2.916404281,5065,0,1,0
"Northwest Mexico","FANG_MING",57,2.185579752,3681,0,1,0
"Gulf of Mexico","FARITO_DE_ISLA_VERDE",1,4.598700647,5065,0,1,0
"Mexican Pacific","FARO_BUCERIAS",2,1.526149533,3654,1,0,0
"Northwest Mexico","FARO_NORTE",9,2.951650943,NA,0,0,1
"Yucatan Peninsula","FARO_NUEVO",0,0,5837,1,0,0
"Northwest Mexico","FARO_SUR",5,2.902395062,NA,0,0,1
"Northwest Mexico","FERRY_SALVATIERRA",58,2.967538937,3681,0,1,0
"Mexican Pacific","FIESTA",8,2.493624317,2847,1,0,0
"Mexican Pacific","FONDEADERO",3,0.278194355,432,0,0,1
"Northwest Mexico","FONDEADERO_ESTE",2,0.524803605,469,0,1,0
"Gulf of Mexico","FONDO_SECO",4,3.345144049,5506,1,0,0
"Gulf of Mexico","FOSA_CATEDRALES",1,4.676763163,5065,0,1,0
"Gulf of Mexico","FOSA_DE_ISLA_VERDE",1,4.598700647,5065,0,1,0
"Gulf of Mexico","FOSITA_DE_CATEDRALES",1,4.676763163,5065,0,1,0
"Mexican Pacific","FRAILES",7,3.637602622,3853,1,0,0
"Northwest Mexico","FRENCHIE'S_COVE",6,4.565708068,3647,1,0,0
"Yucatan Peninsula","G_SPOT",2,3.206471676,1908,0,1,0
"Northwest Mexico","GALERAS",5,1.888149872,3522,0,1,0
"Yucatan Peninsula","GARDEN",6,2.333068234,5837,0,1,0
"Yucatan Peninsula","GARRAFON",15,4.882747939,6244,0,1,0
"Mexican Pacific","GATAS",0,0,1770,1,0,0
"Northwest Mexico","GAVILANES",4,2.619977859,2938,1,0,0
"Mexican Pacific","GODORNIA",7,4.571654182,1770,1,0,0
"Northwest Mexico","GORDO_BANKS",13,2.135223875,3513,1,0,0
"Yucatan Peninsula","GORGONIAN_FLATS",4,6.828845043,6244,0,0,1
"Yucatan Peninsula","GORGONIAS",3,3.553356396,NA,0,1,0
"Yucatan Peninsula","GRAMPIN",30,8.898958632,6039,0,0,1
"Mexican Pacific","GUERILLA",8,3.206842192,NA,1,0,0
"Yucatan Peninsula","HALF_MOON",0,0,NA,0,1,0
"Yucatan Peninsula","HALF_MOON_DEEP",1,4.29213728,NA,0,1,0
"Yucatan Peninsula","HANAN",3,2.578163258,6160,0,0,1
"Mexican Pacific","HAWAII",1,3.43131447,3478,1,0,0
"Northwest Mexico","HIASYSTACK",4,5.075183543,3647,1,0,0
"Northwest Mexico","HIMALAYA",4,1.916351154,3607,1,0,0
"Northwest Mexico","HIMALAYA_NORTE",1,1.916351154,3607,1,0,0
"Gulf of Mexico","HOGADO_3",1,4.442984019,5065,0,1,0
"Yucatan Peninsula","HON_NA",1,1.904082001,5837,0,1,0
"Northwest Mexico","HONEYMOON_ISLAND",7,5.076496355,3647,1,0,0
"Yucatan Peninsula","IGLESIA",2,4.972644197,NA,0,1,0
"Northwest Mexico","IGLESIAS",1,3.336514261,3811,1,0,0
"Yucatan Peninsula","IGLESIAS",2,8.218154232,6039,0,0,1
"Yucatan Peninsula","INAH",19,5.955783533,6244,0,1,0
"Gulf of Mexico","INGENIERO",1,5.180763345,5065,0,1,0
"Gulf of Mexico","INICIO_CATEDRALES",1,4.625127441,5065,0,1,0
"Northwest Mexico","INOCENTES",1,1.332279576,3260,1,0,0
"Northwest Mexico","ISLA_ADELAIDA",1,2.962609659,1266,0,1,0
"Northwest Mexico","ISLA_ALCATRAZ",1,1.833497771,2741,0,1,0
"Northwest Mexico","ISLA_ASUNCION",1,3.512205685,1763,0,1,0
"Northwest Mexico","ISLA_CANGREJO",3,3.816960777,1275,1,0,0
"Northwest Mexico","ISLA_CORAL",4,4.080156724,1275,1,0,0
"Northwest Mexico","ISLA_CORONADITO",3,2.256498642,2741,0,1,0
"Northwest Mexico","ISLA_CRECIENTE",1,1.247990042,2752,1,0,0
"Northwest Mexico","ISLA_DE_CARDONES",0,0,3647,1,0,0
"Gulf of Mexico","ISLA_DE_ENMEDIO",16,3.053352046,5065,0,1,0
"Northwest Mexico","ISLA_DE_LOBOS",1,3.583362496,3725,1,0,0
"Northwest Mexico","ISLA_DE_LOS_CHIVOS",1,3.645443967,3725,1,0,0
"Northwest Mexico","ISLA_EL_MUERTO",1,1.045215404,2297,1,0,0
"Northwest Mexico","ISLA_ENCANTADA",1,0.987844322,2297,1,0,0
"Northwest Mexico","ISLA_ESTANQUE",1,1.463348201,2906,0,1,0
"Northwest Mexico","ISLA_GRANITO",1,1.28585196,2723,0,1,0
"Northwest Mexico","ISLA_GUADALUPE",17,0.529934274,1744,0,1,0
"Northwest Mexico","ISLA_HABANA",1,1.789407594,NA,1,0,0
"Mexican Pacific","ISLA_IXTAPA",1,4.195842838,1770,1,0,0
"Northwest Mexico","ISLA_LA_VENTANA",1,2.699261008,2741,0,1,0
"Northwest Mexico","ISLA_LOBOS",1,1.006348523,2297,1,0,0
"Gulf of Mexico","ISLA_LOBOS",13,1.940197116,5940,0,1,0
"Northwest Mexico","ISLA_MAGDALENA",1,1.950678662,1509,1,0,0
"Northwest Mexico","ISLA_MEJIA",1,1.287008531,2723,0,1,0
"Northwest Mexico","ISLA_MORENA",1,1.647115731,NA,1,0,0
"Northwest Mexico","ISLA_NATIVIDAD",2,2.261497667,1703,0,1,0
"Northwest Mexico","ISLA_PAJARERA",3,3.282752278,3876,1,0,0
"Northwest Mexico","ISLA_PAJAROS",3,3.683977843,3376,1,0,0
"Northwest Mexico","ISLA_PATOS",2,1.826612404,2931,1,0,0
"Northwest Mexico","ISLA_PESCADOR",1,2.214486822,2741,0,0,1
"Northwest Mexico","ISLA_RASA",1,1.36288576,2906,0,0,1
"Gulf of Mexico","ISLA_SACRIFICIOS",15,4.74520477,5065,0,1,0
"Northwest Mexico","ISLA_SAN_GERONIMO",4,2.503392457,1468,0,1,0
"Northwest Mexico","ISLA_SAN_JORGE",7,1.582312337,2515,1,0,0
"Northwest Mexico","ISLA_SAN_LUIS",1,0.964649782,2297,1,0,0
"Northwest Mexico","ISLA_SAN_MARTIN",5,2.363915974,1198,0,1,0
"Northwest Mexico","ISLA_SAN_ROQUE",1,3.221261611,1763,0,0,1
"Northwest Mexico","ISLA_SANTA_INES",1,2.260297246,3298,1,0,0
"Northwest Mexico","ISLA_SANTA_MARGARITA",2,1.291546596,2752,1,0,0
"Gulf of Mexico","ISLA_SANTIAGUILLO",14,2.281431163,5065,0,1,0
"Northwest Mexico","ISLA_TODOS_SANTOS",2,3.083072128,1437,0,1,0
"Gulf of Mexico","ISLA_TOPATILLO",13,2.645407751,5065,0,0,1
"Northwest Mexico","ISLA_TORTUGA",1,1.697936396,3415,1,0,0
"Northwest Mexico","ISLA_VENADOS",1,3.439214879,3725,1,0,0
"Gulf of Mexico","ISLA_VERDE",17,4.625127441,5065,0,1,0
"Northwest Mexico","ISLOTE",52,3.068652254,3805,0,0,1
"Northwest Mexico","ISLOTE_DE_LA_VACA",5,1.831138975,3466,0,1,0
"Northwest Mexico","ISLOTE_GALLINA",1,2.152070159,3681,0,1,0
"Northwest Mexico","ISLOTE_GALLO",1,2.107526003,3681,0,1,0
"Northwest Mexico","ISLOTE_LA_PITAYA",1,1.524273306,1670,1,0,0
"Northwest Mexico","ISLOTE_LOBERA_PARDITO",1,2.518745241,3629,1,0,0
"Northwest Mexico","ISLOTE_PAUQUINO",1,2.232808316,2174,0,1,0
"Northwest Mexico","ISLOTE_SAN_GIL",1,2.427871879,2174,1,0,0
"Yucatan Peninsula","ISLOTE_TIBURON",3,8.040480677,1853,0,0,1
"Yucatan Peninsula","ISLOTE_YUNQUE",3,7.162773032,4167,0,1,0
"Northwest Mexico","ISLOTES",72,1.696178061,3681,0,0,1
"Yucatan Peninsula","ISLOTES",13,6.148822565,6244,0,1,0
"Northwest Mexico","ISLOTES_SUR",50,1.703869227,3681,0,0,1
"Mexican Pacific","JARDIN",1,3.363213287,3478,1,0,0
"Yucatan Peninsula","JARDIN",2,4.622028162,5837,0,1,0
"Gulf of Mexico","JARDIN_DEL_BLANQUIZAL",1,4.220930582,5065,0,1,0
"Yucatan Peninsula","JARDINERA_DE_LA_ESPERANZA",2,8.553941383,1853,0,0,1
"Mexican Pacific","JARDINES",11,2.920750011,2847,0,1,0
"Yucatan Peninsula","JARDINES",54,5.116383913,6244,0,1,0
"Mexican Pacific","JERINGA",11,3.023046572,2847,0,1,0
"Mexican Pacific","JICARAL",16,2.643744784,2847,0,1,0
"Yucatan Peninsula","KAI_HA",8,2.507307586,5837,0,0,1
"Northwest Mexico","KEYHOLE",3,1.919960924,581,0,1,0
"Mexican Pacific","L_RECIF",1,3.886053595,3853,1,0,0
"Gulf of Mexico","LA_BLANCA",13,4.961469496,5065,0,0,1
"Gulf of Mexico","LA_BLANQUILLA",11,4.633833124,5065,0,1,0
"Northwest Mexico","LA_BOCANA",1,3.573389058,1301,0,1,0
"Northwest Mexico","LA_BUFADORA",5,3.379057934,1204,1,0,0
"Northwest Mexico","LA_CAVERNA",7,1.874130465,3607,1,0,0
"Yucatan Peninsula","LA_CEIBA",0,0,6244,0,1,0
"Yucatan Peninsula","LA_FRANCESA",68,5.312360329,6244,0,0,1
"Gulf of Mexico","LA_GALLEGUILLA",10,4.184691118,5065,0,1,0
"Gulf of Mexico","LA_GRINGA",10,4.237169146,5065,0,1,0
"Northwest Mexico","LA_GRINGA_1",4,4.730891434,3647,1,0,0
"Northwest Mexico","LA_GRINGA_2",4,4.617630503,3647,1,0,0
"Yucatan Peninsula","LA_HERRADURA",14,8.105648888,6039,1,0,0
"Northwest Mexico","LA_PUNTA",0,0,1883,1,0,0
"Northwest Mexico","LA_REINITA",5,1.900023131,3522,0,1,0
"Mexican Pacific","LA_ROQUETA",1,3.538736139,3478,1,0,0
"Yucatan Peninsula","LA_TORTUGA",0,0,NA,0,0,1
"Northwest Mexico","LA_VENTANA",9,1.854173741,3607,1,0,0
"Yucatan Peninsula","LABERINTOS",1,3.448915554,NA,0,1,0
"Mexican Pacific","LAGO_IXTAPA",2,4.078080399,1770,1,0,0
"Northwest Mexico","LAGRIMAS",6,2.43241741,NA,0,1,0
"Yucatan Peninsula","LAGUNA_HUACH",1,1.928584276,1908,0,1,0
"Northwest Mexico","LAJAS",5,2.348253945,NA,0,1,0
"Gulf of Mexico","LAMPARA",1,3.01994487,5065,0,1,0
"Northwest Mexico","LANDS_END",30,3.671871894,2938,0,1,0
"Yucatan Peninsula","LANGOSTA",4,4.58732968,NA,0,1,0
"Northwest Mexico","LAPAS_03",1,1.905816245,3681,0,1,0
"Yucatan Peninsula","LARGO",2,8.431941438,6039,0,0,1
"Northwest Mexico","LAS_CONCHAS",2,2.695767124,2491,1,0,0
"Northwest Mexico","LAS_MONAS",2,1.559707384,3345,1,0,0
"Yucatan Peninsula","LAS_PALMAS",0,0,6244,0,0,1
"Yucatan Peninsula","LEON",1,4.587337669,NA,0,1,0
"Northwest Mexico","LIGTH_HOUSE",7,4.508843306,3647,1,0,0
"Northwest Mexico","LIGTHHOUSE",9,1.879350581,3607,1,0,0
"Northwest Mexico","LOBERA",51,3.518719152,3805,0,0,1
"Northwest Mexico","LOBERA",7,2.329035396,NA,0,1,0
"Northwest Mexico","LOBERA",14,3.671871894,2938,0,1,0
"Northwest Mexico","LOBSTER_SHACK",3,1.908589249,581,0,1,0
"Northwest Mexico","LOS_ANEGADOS",19,2.256223038,3811,1,0,0
"Northwest Mexico","LOS_ARCOS",35,3.919823377,3811,1,0,0
"Yucatan Peninsula","LOS_ARCOS",58,4.371585977,6244,0,1,0
"Yucatan Peninsula","LOS_ATOLONES",23,3.683538192,6244,0,1,0
"Gulf of Mexico","LOS_BAJITOS",13,4.631418379,5065,0,1,0
"Northwest Mexico","LOS_BARRILES",1,4.029151483,3805,1,0,0
"Northwest Mexico","LOS_CANDELEROS",9,2.478709354,3522,1,0,0
"Northwest Mexico","LOS_CORONADOS",1,2.08666065,581,0,1,0
"Northwest Mexico","LOS_CRESTONES",1,1.551435653,730,0,1,0
"Gulf of Mexico","LOS_SABALOS",1,4.245486862,5065,0,1,0
"Mexican Pacific","LOS_SUIZOS",1,3.498616135,3478,1,0,0
"Gulf of Mexico","LUNA_DE_DUENDES",1,1.842210598,5065,1,0,0
"Gulf of Mexico","LURO",1,4.64787306,5065,0,1,0
"Northwest Mexico","MAGDALENA_BAY",4,1.910828071,3607,1,0,0
"Mexican Pacific","MAGICO_MUNDO_MARINO",1,3.616171673,3478,1,0,0
"Mexican Pacific","MAGUEYITO",16,2.941741295,NA,1,0,0
"Yucatan Peninsula","MAHAHUAL",1,4.412214123,5837,0,1,0
"Yucatan Peninsula","MAHAWALL",6,2.122167305,5837,0,1,0
"Northwest Mexico","MAJAHUITAS",21,4.352275784,3811,1,0,0
"Yucatan Peninsula","MAMA_VI<U+FFFD>A",58,5.919426452,6244,0,1,0
"Yucatan Peninsula","MAMITAS",2,6.525291618,6244,0,1,0
"Yucatan Peninsula","MANCHA_CHICA",8,3.167675401,1853,0,1,0
"Yucatan Peninsula","MANCHA_GRANDE",8,3.548004973,1853,1,0,0
"Yucatan Peninsula","MANCHONES",31,8.054276986,6039,0,0,1
"Yucatan Peninsula","MARACAIBO_REEF",68,3.288479775,6244,0,0,1
"Northwest Mexico","MARIETAS",36,2.47865205,3811,0,1,0
"Mexican Pacific","MARINA_&_LABYRINTH",1,3.43131447,3478,1,0,0
"Northwest Mexico","MARISOL",1,3.530421269,1437,1,0,0
"Northwest Mexico","MARTINI_COVE",6,5.29231122,3647,1,0,0
"Yucatan Peninsula","MECO",2,8.331633997,1853,1,0,0
"Yucatan Peninsula","MEDIA_LUNA",11,8.278244774,6039,1,0,0
"Mexican Pacific","MEDREGAL",11,3.148033888,2847,0,1,0
"Gulf of Mexico","MELILLA",4,3.065945596,6072,1,0,0
"Northwest Mexico","MIDDLE_CORONADO",3,2.184911221,581,0,1,0
"Northwest Mexico","MIDDLE_ROCK",1,2.178183816,581,0,1,0
"Northwest Mexico","MIDDLE_WALL",17,3.90101087,2938,0,1,0
"Yucatan Peninsula","MIRADOR",1,3.551066127,6244,0,1,0
"Yucatan Peninsula","MOC_CHE",61,4.573174107,6244,0,1,0
"Yucatan Peninsula","MOC_CHE_DEEP",55,4.047676583,6244,0,1,0
"Northwest Mexico","MOGOTE",1,4.89160252,3260,1,0,0
"Northwest Mexico","MOLOKAY",1,3.411055466,1343,1,0,0
"Yucatan Peninsula","MONEY_BAR",0,0,6244,0,0,1
"Gulf of Mexico","MONTA<U+FFFD>A",1,4.395495354,5065,0,1,0
"Mexican Pacific","MONTOSA",16,3.306698223,NA,1,0,0
"Gulf of Mexico","MORGAN",1,4.224105313,5065,0,1,0
"Yucatan Peninsula","MORGAN'S_REEF",3,4.587337669,NA,0,1,0
"Northwest Mexico","MOROS",2,2.848229562,2938,0,1,0
"Northwest Mexico","MORRO_REDONDO",1,3.175677999,1703,0,1,0
"Mexican Pacific","MORRO_TEJON",11,4.23557053,NA,1,0,0
"Northwest Mexico","MORROS",30,2.562200275,3805,0,0,1
"Mexican Pacific","MORROS_CONEJOS",11,3.048266432,NA,1,0,0
"Mexican Pacific","MORROS_DE_POTOSI",8,4.01718628,1770,1,0,0
"Mexican Pacific","MORROS_MAGUEY",13,3.200608118,2847,1,0,0
"Yucatan Peninsula","MOTOCICLETA",8,5.013888857,NA,0,1,0
"Northwest Mexico","MURCIELAGO",5,2.734959007,3466,0,0,1
"Yucatan Peninsula","MUSEO_SUBACUATICO",18,8.259259349,1853,0,0,1
"Gulf of Mexico","NAFRAGIO_RIELERO",2,2.897397174,5065,0,1,0
"Yucatan Peninsula","NAFRAGIO_ULTRAFREEZE",7,7.603669216,5044,1,0,0
"Northwest Mexico","NAUFRAGIO",6,3.589410811,2938,0,1,0
"Northwest Mexico","NAUFRAGIO_ALBATUN",4,2.444780977,3607,1,0,0
"Gulf of Mexico","NAUFRAGIO_ANA_ELENA",2,2.985716342,5065,0,1,0
"Yucatan Peninsula","NAUFRAGIO_AVION",10,6.533681902,6244,0,0,1
"Yucatan Peninsula","NAUFRAGIO_BARRERA",8,7.81108189,6039,0,0,1
"Northwest Mexico","NAUFRAGIO_C_54",12,3.096040575,NA,0,0,1
"Yucatan Peninsula","NAUFRAGIO_C_55",7,8.105648888,6039,1,0,0
"Yucatan Peninsula","NAUFRAGIO_C53",30,6.128093378,6244,0,0,1
"Yucatan Peninsula","NAUFRAGIO_C56",11,6.825839146,1853,0,1,0
"Yucatan Peninsula","NAUFRAGIO_C58_ANAYA",13,7.943092848,6039,0,0,1
"Yucatan Peninsula","NAUFRAGIO_CAYO_LOBOS",5,2.216568928,5837,0,1,0
"Yucatan Peninsula","NAUFRAGIO_CHAIREL",3,7.507286827,5044,1,0,0
"Northwest Mexico","NAUFRAGIO_DIAZ_ORDAZ",6,2.718977883,3647,1,0,0
"Yucatan Peninsula","NAUFRAGIO_FAR_STAR",8,2.097294192,5837,0,1,0
"Yucatan Peninsula","NAUFRAGIO_GALEON",6,2.223114847,5779,0,1,0
"Yucatan Peninsula","NAUFRAGIO_GALEON_SIGLIO_XV1",6,3.041490179,5837,0,1,0
"Yucatan Peninsula","NAUFRAGIO_GINGER_SCOUT",11,2.41255683,5779,0,1,0
"Yucatan Peninsula","NAUFRAGIO_GLENN_VIEW",6,2.717166803,5837,0,1,0
"Gulf of Mexico","NAUFRAGIO_HIDALGO",2,4.625122234,5065,0,1,0
"Yucatan Peninsula","NAUFRAGIO_HONDURE<U+FFFD>O",3,8.244696848,6039,1,0,0
"Yucatan Peninsula","NAUFRAGIO_KASSEL",6,2.677933655,5837,0,1,0
"Yucatan Peninsula","NAUFRAGIO_PELICANO",2,4.059163959,6244,0,1,0
"Yucatan Peninsula","NAUFRAGIO_PENELOPE",6,2.506391867,5779,0,1,0
"Gulf of Mexico","NAUFRAGIO_RIVA_PALACIO",3,4.480432165,5065,0,1,0
"Northwest Mexico","NAUFRAGIO_SALINAR",2,2.914608511,3513,1,0,0
"Yucatan Peninsula","NAUFRAGIO_SAN_ANDRES",6,3.116194317,5837,0,1,0
"Mexican Pacific","NAUFRAGIO_SAN_LUCIANO",7,4.767141359,3853,1,0,0
"Yucatan Peninsula","NAUFRAGIO_TROPIC",6,2.552851707,5837,0,1,0
"Gulf of Mexico","NAUFRAGIO_USS_TACOMA",2,4.418655806,5065,0,1,0
"Yucatan Peninsula","NAUFRAGIO_XUBA",6,2.366819821,5837,0,1,0
"Northwest Mexico","NAVAJAS",22,2.679834796,3805,0,0,1
"Yucatan Peninsula","NETOS",2,3.973762551,1853,0,1,0
"Northwest Mexico","NIDOS",5,2.744928301,NA,0,1,0
"Northwest Mexico","NOPOLO",1,2.842812182,NA,0,1,0
"Northwest Mexico","NORT_CORONADO_ISLAND_PASSAGE",1,1.892840206,581,0,1,0
"Yucatan Peninsula","OBI",6,2.255062216,5837,0,1,0
"Yucatan Peninsula","OCTOPUS",1,8.157573254,6039,0,0,1
"Gulf of Mexico","OJO",1,3.07666019,5065,0,1,0
"Mexican Pacific","OREJAS_DE_CABALLO",5,4.018752897,3853,1,0,0
"Mexican Pacific","ORGANO",2,3.343135822,2847,0,1,0
"Gulf of Mexico","ORO_VERDE",2,3.454914069,NA,0,1,0
"Northwest Mexico","OSCAR'S_HOLE",3,2.166032189,581,0,1,0
"Northwest Mexico","OUNTA_PRIETA",1,5.056258152,3260,0,0,1
"Yucatan Peninsula","PALANCAR_CAVES",47,4.514639856,6244,0,0,1
"Yucatan Peninsula","PALANCAR_GARDENS",50,4.844819224,6244,0,0,1
"Yucatan Peninsula","PALANCAR_HORSESHOE",51,4.514639856,6244,0,0,1
"Yucatan Peninsula","PALANCAR_REEF",94,4.816814642,6244,0,0,1
"Northwest Mexico","PALAPA",6,3.820024302,3647,1,0,0
"Mexican Pacific","PALMITAS",3,3.45359166,3478,1,0,0
"Mexican Pacific","PANGO",6,5.010654177,1770,1,0,0
"Gulf of Mexico","PANTEPEC",2,3.512682739,NA,1,0,0
"Yucatan Peninsula","PARAISO_BAJO",0,0,6244,0,0,1
"Northwest Mexico","PARED",5,2.733973286,3466,0,0,1
"Northwest Mexico","PARED_MARIETAS",4,2.715980091,3811,0,1,0
"Northwest Mexico","PARED_NORTE",26,3.90101087,2938,0,1,0
"Yucatan Peninsula","PARED_SARA",2,8.095755429,6039,1,0,0
"Yucatan Peninsula","PARED_VERDE",40,6.139471584,6244,0,1,0
"Mexican Pacific","PARGO",11,2.530887802,2847,0,1,0
"Northwest Mexico","PARGO_VIA",2,2.254282903,3657,1,0,0
"Northwest Mexico","PARTIDA",1,1.476596228,2906,0,0,1
"Gulf of Mexico","PASI_DEL_SABALO",1,2.281431163,5065,0,1,0
"Yucatan Peninsula","PASO_DEL_CEDRAL_REEF",84,5.459034863,6244,0,0,1
"Yucatan Peninsula","PC_CANTIL",2,5.557473658,6244,0,1,0
"Mexican Pacific","PE<U+FFFD>A_BLANCA",7,2.846203314,3853,1,0,0
"Yucatan Peninsula","PERDIDA",10,7.935720114,6039,0,0,1
"Mexican Pacific","PETATERA",4,3.945340756,3853,1,0,0
"Gulf of Mexico","PICACHO",1,2.102383327,5065,0,1,0
"Northwest Mexico","PICACHOS",5,2.629430345,3466,0,0,1
"Mexican Pacific","PICHILINGUILLO",1,1.197985381,3594,1,0,0
"Yucatan Peninsula","PIEDRA_ATRAVEZADA",4,7.744837142,5044,1,0,0
"Northwest Mexico","PIEDRA_BOLA",5,2.836953349,NA,0,1,0
"Northwest Mexico","PIEDRA_DE_AGUILA",1,3.201309611,1343,1,0,0
"Gulf of Mexico","PIEDRA_DE_CARTON",1,3.317811837,5065,0,1,0
"Northwest Mexico","PIEDRA_PARTIDA",7,2.757891044,3466,0,1,0
"Mexican Pacific","PIEDRA_SOLITARIA",6,4.189534557,1770,1,0,0
"Northwest Mexico","PINACULOS",2,1.68599573,3629,1,0,0
"Northwest Mexico","PIOJO",1,2.648548098,2741,1,0,0
"Mexican Pacific","PIRAMIDES",4,3.737657781,3853,1,0,0
"Yucatan Peninsula","PISCINA",2,3.335855555,NA,0,1,0
"Northwest Mexico","PIUNTA_TIERRA_FIRME",1,2.525416967,NA,0,1,0
"Northwest Mexico","PIZOTA",2,3.319477277,3811,1,0,0
"Yucatan Peninsula","PLACER",3,8.020986615,6039,0,0,1
"Mexican Pacific","PLAYA_AUDIENCIA",0,0,3853,1,0,0
"Northwest Mexico","PLAYA_BARRA_DE_NAVIDAD",1,4.240552967,3853,1,0,0
"Yucatan Peninsula","PLAYA_BOSH",23,3.504605434,6244,0,0,1
"Mexican Pacific","PLAYA_CACALOTEPEC",1,1.912107494,2841,1,0,0
"Yucatan Peninsula","PLAYA_CORONA",1,5.639583297,6244,0,0,1
"Northwest Mexico","PLAYA_ENSENADA",1,4.328819714,1343,1,0,0
"Mexican Pacific","PLAYA_ESTACAHUITE",2,3.764542972,2791,1,0,0
"Northwest Mexico","PLAYA_IGUANA",2,1.559259451,3345,1,0,0
"Mexican Pacific","PLAYA_LA_BOQUILLA",0,0,2791,1,0,0
"Gulf of Mexico","PLAYA_MIRAMAR",0,0,NA,1,0,0
"Northwest Mexico","PLAYA_NORTE",0,0,3725,1,0,0
"Northwest Mexico","PLAYA_ORO",3,1.678997658,2922,1,0,0
"Mexican Pacific","PLAYA_PANTEON",1,4.26796223,2791,1,0,0
"Northwest Mexico","PLAYA_SIRENAS",22,3.143288793,3805,0,0,1
"Yucatan Peninsula","PM_LA_PARED",2,3.928034979,1853,0,1,0
"Northwest Mexico","POINT",3,3.671871894,2938,0,1,0
"Yucatan Peninsula","POLO_PROFUNDO",1,4.787972309,6244,0,1,0
"Yucatan Peninsula","PORTILLA",2,3.374816536,4004,0,0,1
"Yucatan Peninsula","POZA",2,3.847397013,1908,0,0,1
"Gulf of Mexico","POZA_AZUL",1,2.645407751,5065,0,0,1
"Gulf of Mexico","POZA_AZUL_2",1,2.645407751,5065,0,0,1
"Gulf of Mexico","POZA_DE_DUENDES",1,2.658124967,5065,0,0,1
"Yucatan Peninsula","POZA_RICA",2,2.497903936,1908,0,0,1
"Yucatan Peninsula","POZETA",2,3.53990759,1908,0,0,1
"Northwest Mexico","PP_ROCKY_POINT",0,0,2491,1,0,0
"Mexican Pacific","PRETIL",0,0,1770,1,0,0
"Northwest Mexico","PRIMO_TAPIA",1,2.644677723,1437,1,0,0
"Yucatan Peninsula","PUENTES_PAILAS_REEF",3,6.944590706,4167,0,1,0
"Gulf of Mexico","PUERTA_DE_DUENDES",1,2.658124967,5065,0,0,1
"Northwest Mexico","PUERTECITOS",1,1.135517333,2297,1,0,0
"Mexican Pacific","PUERTO_ANGELITO",1,5.018234796,NA,1,0,0
"Northwest Mexico","PUERTO_CUEVA",6,2.244431602,1200,0,1,0
"Northwest Mexico","PUKEY_PONT",3,1.887390985,581,0,1,0
"Northwest Mexico","PUNTA_ABREOJOS",1,3.940345523,1812,0,1,0
"Northwest Mexico","PUNTA_AGUJAS",1,2.466301387,3298,1,0,0
"Northwest Mexico","PUNTA_ALTA",1,2.418558529,NA,1,0,0
"Northwest Mexico","PUNTA_AMORTAJJADO",1,2.967169936,3629,1,0,0
"Gulf of Mexico","PUNTA_ANEGADA",1,2.275973355,5065,0,1,0
"Northwest Mexico","PUNTA_ANITAS",1,1.88485865,3062,0,0,1
"Northwest Mexico","PUNTA_ARENA",1,3.003799381,3629,1,0,0
"Northwest Mexico","PUNTA_ARENA_CB",1,2.540783043,3805,1,0,0
"Northwest Mexico","PUNTA_ARENAS",3,2.749338614,3657,1,0,0
"Mexican Pacific","PUNTA_ARENAS",11,3.069707799,NA,1,0,0
"Northwest Mexico","PUNTA_ASAMBLEA",1,1.317427188,2786,1,0,0
"Northwest Mexico","PUNTA_BAJA",1,1.867985553,1468,1,0,0
"Northwest Mexico","PUNTA_BAJA",1,2.52187573,3466,0,1,0
"Northwest Mexico","PUNTA_BAJA_1",1,1.497046831,3062,0,0,1
"Northwest Mexico","PUNTA_BAJA_2",1,2.198611584,3062,0,0,1
"Northwest Mexico","PUNTA_BALANDRA",5,2.297494481,3466,0,1,0
"Northwest Mexico","PUNTA_BALLENA",1,2.656560585,3522,1,0,0
"Northwest Mexico","PUNTA_BALLENAS",1,1.776164033,3062,0,0,1
"Northwest Mexico","PUNTA_BANDA",2,3.190240208,1343,1,0,0
"Northwest Mexico","PUNTA_BELLA",2,2.661097795,3513,1,0,0
"Northwest Mexico","PUNTA_BLANCA",1,2.136497856,NA,1,0,0
"Northwest Mexico","PUNTA_BLANCO",1,1.435585698,1576,1,0,0
"Northwest Mexico","PUNTA_BLUFF",1,1.113366679,2786,1,0,0
"Northwest Mexico","PUNTA_BOBOS",2,1.565419373,3345,1,0,0
"Northwest Mexico","PUNTA_BOTELLA",1,1.689728511,3522,1,0,0
"Northwest Mexico","PUNTA_BUFELLERO",1,2.908855271,3415,1,0,0
"Northwest Mexico","PUNTA_CAMACHO",1,2.614906245,999,1,0,0
"Yucatan Peninsula","PUNTA_CANC<U+FFFD>N",2,8.726536574,6039,0,0,1
"Northwest Mexico","PUNTA_CANDELERO",1,1.44878418,2723,0,1,0
"Northwest Mexico","PUNTA_CANDELEROS",1,2.463299846,3522,0,1,0
"Yucatan Peninsula","PUNTA_CANECAXH_NORTE",1,3.906280224,5837,0,1,0
"Yucatan Peninsula","PUNTA_CANECAXH_SUR",1,3.60499175,5837,0,1,0
"Northwest Mexico","PUNTA_CANOAS",1,2.673747405,999,1,0,0
"Northwest Mexico","PUNTA_CANTINA",1,3.348647263,1794,0,1,0
"Yucatan Peninsula","PUNTA_CELARIN",6,3.430863042,6244,0,0,1
"Yucatan Peninsula","PUNTA_CHANGUAY",0,0,5913,0,1,0
"Yucatan Peninsula","PUNTA_CHIQUEIROS",5,3.935363562,6244,0,1,0
"Northwest Mexico","PUNTA_CHIVATO",1,2.380691704,3298,1,0,0
"Northwest Mexico","PUNTA_CLAMBEY",1,3.20657625,1794,0,1,0
"Northwest Mexico","PUNTA_COCHI",1,1.642583162,NA,1,0,0
"Northwest Mexico","PUNTA_COLORADA",1,1.557716445,2906,0,1,0
"Northwest Mexico","PUNTA_COLORADA",1,1.845844285,3629,1,0,0
"Northwest Mexico","PUNTA_COLORADA",5,1.79883907,3627,1,0,0
"Northwest Mexico","PUNTA_COLORADA_CB",1,3.010226855,3805,1,0,0
"Northwest Mexico","PUNTA_CONCEPCION",1,2.552051354,3298,1,0,0
"Northwest Mexico","PUNTA_CONO",1,1.503284406,1576,1,0,0
"Northwest Mexico","PUNTA_COYOTE",1,3.026401945,3681,1,0,0
"Northwest Mexico","PUNTA_COYOTE",13,3.59937441,NA,0,1,0
"Northwest Mexico","PUNTA_COYOTE_2",1,3.631556967,3739,1,0,0
"Northwest Mexico","PUNTA_COYOTITOS",1,1.667102734,3062,0,0,1
"Northwest Mexico","PUNTA_CUEVITAS",1,4.42866068,3062,0,0,1
"Yucatan Peninsula","PUNTA_DALILA",65,4.96138903,6244,0,0,1
"Northwest Mexico","PUNTA_DE_ENMEDIO",1,3.569459476,999,1,0,0
"Northwest Mexico","PUNTA_DELGADILLO",1,1.555520976,1670,0,1,0
"Northwest Mexico","PUNTA_DIABLO_ANGEL_GUARDA",1,1.226170464,2869,0,1,0
"Northwest Mexico","PUNTA_DON_JUAN",1,2.24313312,2741,0,0,1
"Gulf of Mexico","PUNTA_DORAD0",1,4.274050396,5065,0,1,0
"Northwest Mexico","PUNTA_EL_BAJO",1,2.573936788,NA,0,1,0
"Northwest Mexico","PUNTA_EL_DESCANSO",1,2.424250663,1200,1,0,0
"Northwest Mexico","PUNTA_EL_FRANCES",1,1.305191839,NA,0,0,1
"Yucatan Peninsula","PUNTA_EL_PLACER_NORTE",0,0,5913,0,1,0
"Yucatan Peninsula","PUNTA_EL_PLACER_SUR",0,0,5913,0,1,0
"Northwest Mexico","PUNTA_EUGENIA",1,1.928743135,1703,0,1,0
"Northwest Mexico","PUNTA_FINAL",1,0.972942219,2297,1,0,0
"Northwest Mexico","PUNTA_GATO",1,2.524298668,3062,0,0,1
"Yucatan Peninsula","PUNTA_GONZALEZ",8,2.313112035,5837,0,1,0
"Gulf of Mexico","PUNTA_GORDA",1,4.930276091,5065,1,0,0
"Yucatan Peninsula","PUNTA_GRUESE",1,1.809343047,5913,1,0,0
"Yucatan Peninsula","PUNTA_HERRADURA",1,2.926496769,5837,0,1,0
"Yucatan Peninsula","PUNTA_HERRERO",1,3.398001427,5712,0,1,0
"Northwest Mexico","PUNTA_HORNITOS",1,2.378089112,3298,1,0,0
"Northwest Mexico","PUNTA_HUGHES",1,2.262352856,1509,1,0,0
"Yucatan Peninsula","PUNTA_ISABEL",8,2.464711413,5837,0,0,1
"Northwest Mexico","PUNTA_LA_COCINA",1,2.90711631,3629,1,0,0
"Northwest Mexico","PUNTA_LA_MANGA",6,4.314522602,3647,1,0,0
"Northwest Mexico","PUNTA_LA_PIEDRITA",1,3.508676929,NA,1,0,0
"Northwest Mexico","PUNTA_LAGUNA",1,1.659427465,NA,1,0,0
"Northwest Mexico","PUNTA_LANGOSTA",1,2.956488258,3298,1,0,0
"Northwest Mexico","PUNTA_LAS_NAVAJAS",1,2.924044221,3681,0,1,0
"Northwest Mexico","PUNTA_LOBERA",1,3.146580962,999,1,0,0
"Northwest Mexico","PUNTA_LOBOS",59,1.926898163,3681,0,0,1
"Northwest Mexico","PUNTA_LOBOS",10,1.776322472,3466,0,1,0
"Northwest Mexico","PUNTA_LOBOS_CD",1,3.267036646,1910,0,1,0
"Northwest Mexico","PUNTA_LOS_PATOS",5,2.316835875,NA,1,0,0
"Northwest Mexico","PUNTA_MAGDALENA",1,2.13308519,2470,1,0,0
"Northwest Mexico","PUNTA_MALCOMB",1,1.7963636,1812,0,1,0
"Northwest Mexico","PUNTA_MANGLE",1,1.749136714,3627,1,0,0
"Northwest Mexico","PUNTA_MARIA",1,1.585520545,1576,1,0,0
"Northwest Mexico","PUNTA_MARIA",1,2.100455305,3414,1,0,0
"Northwest Mexico","PUNTA_MARQUEZ",1,1.048909778,2603,1,0,0
"Northwest Mexico","PUNTA_MARTIR",2,1.374292319,2922,0,1,0
"Northwest Mexico","PUNTA_MECHUDO",1,2.900237699,3629,1,0,0
"Northwest Mexico","PUNTA_MERCENARIOS",1,1.801946112,3627,1,0,0
"Northwest Mexico","PUNTA_MISMALOYA",2,4.767141359,3853,1,0,0
"Northwest Mexico","PUNTA_MONTALVA",1,1.608782111,NA,1,0,0
"Yucatan Peninsula","PUNTA_MORENA",23,3.961281651,6244,0,1,0
"Yucatan Peninsula","PUNTA_MOROMA",16,3.085794605,1853,0,1,0
"Northwest Mexico","PUNTA_MORRO_HERMOSO",1,2.192879968,1827,0,1,0
"Yucatan Peninsula","PUNTA_MOSQUITERO",1,2.633756444,5913,0,0,1
"Yucatan Peninsula","PUNTA_NEGRA",6,8.334816776,6039,0,0,1
"Yucatan Peninsula","PUNTA_NIZUC",6,8.726355177,1853,0,0,1
"Northwest Mexico","PUNTA_NORTE",1,1.711759192,1030,0,1,0
"Northwest Mexico","PUNTA_NORTE",9,1.854193833,3607,1,0,0
"Northwest Mexico","PUNTA_OSTIONES",1,2.393113297,3629,1,0,0
"Northwest Mexico","PUNTA_PALMILLA",1,2.762269282,3513,1,0,0
"Northwest Mexico","PUNTA_PAULITO",1,1.182986377,NA,1,0,0
"Mexican Pacific","PUNTA_PEDREGOSA",1,4.061489842,1770,1,0,0
"Northwest Mexico","PUNTA_PELICANO",9,1.85789789,3607,1,0,0
"Northwest Mexico","PUNTA_PEQUE<U+FFFD>A",1,3.119359292,1883,1,0,0
"Northwest Mexico","PUNTA_PERICO",1,1.689573839,3466,0,1,0
"Northwest Mexico","PUNTA_PERICOS",3,3.293237315,3657,1,0,0
"Northwest Mexico","PUNTA_PESCADERO",1,2.544592931,3878,1,0,0
"Northwest Mexico","PUNTA_POZO_DE_COLA",1,1.818666584,2938,1,0,0
"Northwest Mexico","PUNTA_PRIETA",1,1.726915294,3522,1,0,0
"Northwest Mexico","PUNTA_PRIETA",1,4.255317611,1910,0,1,0
"Northwest Mexico","PUNTA_PRIETA_2",1,2.970845239,3062,0,0,1
"Northwest Mexico","PUNTA_PROA",2,0.504552652,1744,0,1,0
"Northwest Mexico","PUNTA_PUERTECITO",1,2.302794413,3522,1,0,0
"Northwest Mexico","PUNTA_PULPUTO",1,2.550823858,3627,1,0,0
"Yucatan Peninsula","PUNTA_PULTICO",1,1.926723322,5913,0,1,0
"Northwest Mexico","PUNTA_QUEBRADA",1,2.39845024,1794,0,1,0
"Northwest Mexico","PUNTA_REEF",1,2.402007863,1204,1,0,0
"Mexican Pacific","PUNTA_RISCAL",1,3.792976785,1770,1,0,0
"Northwest Mexico","PUNTA_ROCA",1,1.314831871,2906,0,1,0
"Northwest Mexico","PUNTA_ROCOSA",2,1.544802231,3345,1,0,0
"Northwest Mexico","PUNTA_ROMPIENTE",1,2.550667793,1794,0,1,0
"Northwest Mexico","PUNTA_ROSARITO",1,2.38649796,1806,1,0,0
"Northwest Mexico","PUNTA_SALINA",1,1.286748954,NA,0,0,1
"Northwest Mexico","PUNTA_SALSIPUEDES",3,4.220141124,1437,1,0,0
"Northwest Mexico","PUNTA_SAN_ANTONIO",1,3.614789519,1340,1,0,0
"Northwest Mexico","PUNTA_SAN_ANTONIO",1,2.761417402,3627,1,0,0
"Northwest Mexico","PUNTA_SAN_BASILIO",1,2.023793757,3627,1,0,0
"Northwest Mexico","PUNTA_SAN_CARLOS",2,2.414488545,1703,0,1,0
"Northwest Mexico","PUNTA_SAN_CARLOS",2,1.898108827,1070,1,0,0
"Northwest Mexico","PUNTA_SAN_FERNANDO",1,2.626020081,1070,1,0,0
"Northwest Mexico","PUNTA_SAN_FRANCISQUITO",1,1.235959093,NA,1,0,0
"Northwest Mexico","PUNTA_SAN_HIPOLITO",1,3.739780665,1910,0,1,0
"Northwest Mexico","PUNTA_SAN_JOSE",1,1.79366802,1204,1,0,0
"Northwest Mexico","PUNTA_SAN_LINO",1,2.16718189,3627,1,0,0
"Yucatan Peninsula","PUNTA_SAN_LORENZO",1,2.302278052,5913,0,1,0
"Northwest Mexico","PUNTA_SAN_MATEO",1,1.792936873,3522,1,0,0
"Northwest Mexico","PUNTA_SAN_PEDRO",6,2.470125787,3607,1,0,0
"Northwest Mexico","PUNTA_SAN_RAFAEL",1,3.137233063,3298,1,0,0
"Northwest Mexico","PUNTA_SAN_TOM<U+FFFD>S",1,2.292230334,1204,1,0,0
"Northwest Mexico","PUNTA_SANTA_MARIA",1,3.684601448,3062,1,0,0
"Northwest Mexico","PUNTA_SANTA_ROSA",1,1.849837883,3414,1,0,0
"Northwest Mexico","PUNTA_SANTA_ROSALIA",1,3.047157955,1266,0,1,0
"Northwest Mexico","PUNTA_SANTA_TERESA",1,2.579807704,3627,1,0,0
"Northwest Mexico","PUNTA_SANTO_DOMINGO",1,2.048673318,1667,1,0,0
"Northwest Mexico","PUNTA_SUR",1,2.294716795,3657,1,0,0
"Yucatan Peninsula","PUNTA_SUR",63,3.912381714,6244,0,0,1
"Yucatan Peninsula","PUNTA_SUR",8,7.886516667,6039,0,1,0
"Northwest Mexico","PUNTA_SUR",8,1.900068287,3607,1,0,0
"Gulf of Mexico","PUNTA_SUR",1,4.277245332,5065,0,1,0
"Mexican Pacific","PUNTA_TEJON",11,3.843851747,NA,1,0,0
"Northwest Mexico","PUNTA_TEPETATES",1,2.685999175,3298,1,0,0
"Northwest Mexico","PUNTA_TINTORERA",6,2.097268321,3466,0,1,0
"Mexican Pacific","PUNTA_TOSCA",0,0,475,0,0,1
"Northwest Mexico","PUNTA_TRINIDAD",1,1.360140547,3083,0,0,1
"Yucatan Peninsula","PUNTA_TUNICH_WALL",78,5.65768367,6244,0,0,1
"Yucatan Peninsula","PUNTA_VENADITOS",8,5.471595788,6244,0,1,0
"Yucatan Peninsula","PUNTA_VENADO",56,5.81215644,6244,0,1,0
"Mexican Pacific","PUNTA_VEY",4,4.018752897,3853,1,0,0
"Yucatan Peninsula","PUNTA_XCANAC_HALTON",1,2.895879833,5712,0,0,1
"Yucatan Peninsula","QR_CUEVITAS",1,3.056511329,NA,0,1,0
"Yucatan Peninsula","QUEBRADO",2,3.604838024,1908,0,1,0
"Northwest Mexico","QUEENS_POINT",3,2.210336615,581,0,1,0
"Northwest Mexico","RADA_NOROESTE",1,0.515359081,469,0,1,0
"Yucatan Peninsula","REDES",7,4.58732968,NA,0,1,0
"Northwest Mexico","REINA",58,1.766823815,3739,1,0,0
"Northwest Mexico","REINITA",64,1.885420165,3739,1,0,0
"Northwest Mexico","REPOLLO",5,2.294941057,NA,1,0,0
"Gulf of Mexico","RIELERO",1,2.898808131,5065,0,1,0
"Mexican Pacific","RINCON",1,3.363213287,3478,1,0,0
"Yucatan Peninsula","RIO_BERMEJO",2,3.643683814,5837,0,1,0
"Mexican Pacific","RIO_DE_LA_PLATA",4,3.142492736,3478,1,0,0
"Yucatan Peninsula","RIO_IND<U+FFFD>O",1,3.298847653,5913,0,1,0
"Yucatan Peninsula","RIO_LAGARTOS",1,3.366594496,4198,1,0,0
"Mexican Pacific","RISCALILLO",16,2.568195889,2847,0,1,0
"Mexican Pacific","ROCA_BLANCA",5,3.93712487,2847,1,0,0
"Northwest Mexico","ROCA_DEL_MERO",1,2.250869903,1204,1,0,0
"Mexican Pacific","ROCA_ELEFANTE",8,3.932456255,3853,1,0,0
"Northwest Mexico","ROCA_MONTA<U+FFFD>A",2,2.32469174,3657,1,0,0
"Mexican Pacific","ROCA_PARTIDA",18,0.181133326,498,0,0,1
"Northwest Mexico","ROCA_PELICANO",28,1.696178061,3681,0,0,1
"Northwest Mexico","ROCA_SWANY",62,2.928804636,3681,0,1,0
"Mexican Pacific","ROCA_TORTUGA",4,3.377094245,3853,1,0,0
"Northwest Mexico","ROCAS_ALIJOS",1,0.503535025,651,0,1,0
"Northwest Mexico","ROCKY_POINT",2,1.529733551,2203,0,1,0
"Gulf of Mexico","RODEO",1,4.652845958,5065,0,1,0
"Yucatan Peninsula","RODMAN",2,3.683209498,1853,0,1,0
"Northwest Mexico","ROSARIO",3,2.471109271,1468,0,1,0
"Yucatan Peninsula","SABALOS",45,4.888642618,6244,0,1,0
"Mexican Pacific","SACRAMENTO",7,3.780920637,1770,1,0,0
"Mexican Pacific","SACRAMENTO_BAJO",6,3.809667475,1770,1,0,0
"Gulf of Mexico","SAL_MEDINA",14,4.874354755,5065,0,1,0
"Northwest Mexico","SALSIPUEDES",3,1.299967381,2770,0,1,0
"Northwest Mexico","SAN_AGUSTIN",1,2.321053844,1772,0,1,0
"Mexican Pacific","SAN_AGUSTIN",7,2.530887802,2847,0,1,0
"Northwest Mexico","SAN_ANTONIO_DEL_MAR",1,1.232479641,1335,1,0,0
"Northwest Mexico","SAN_ANTONIO_POINT",7,4.382901535,3647,1,0,0
"Northwest Mexico","SAN_BENITO",1,1.473058537,730,0,1,0
"Yucatan Peninsula","SAN_CLEMENTE",2,5.574880452,6244,0,0,1
"Northwest Mexico","SAN_CRISTOBAL",1,2.207923698,2938,1,0,0
"Northwest Mexico","SAN_DIEGO_ABNEGADO",3,1.78875527,3629,1,0,0
"Mexican Pacific","SAN_ESTEBAN",7,4.264374533,1770,1,0,0
"Northwest Mexico","SAN_EVARISTO",1,3.859185449,3629,1,0,0
"Northwest Mexico","SAN_FRANCISCO",28,2.556419125,3629,1,0,0
"Yucatan Peninsula","SAN_FRANCISCO_REEF",81,6.179523448,6244,0,0,1
"Northwest Mexico","SAN_IDELFONSO_PUNTA_NORTE",1,2.474140864,3627,1,0,0
"Northwest Mexico","SAN_JOSE_DEL_FARO",1,1.779405691,999,1,0,0
"Gulf of Mexico","SAN_JUAN",4,3.21329051,5506,1,0,0
"Mexican Pacific","SAN_JUAN_DE_ALIMAS",1,2.343121891,3654,1,0,0
"Northwest Mexico","SAN_JUAN_NEPOMUCENO",1,5.142000347,3681,0,1,0
"Yucatan Peninsula","SAN_JUAN_REEF",62,8.103448276,6244,0,1,0
"Mexican Pacific","SAN_LORENZO",1,3.182006541,3478,1,0,0
"Northwest Mexico","SAN_LORENZO_NORT",1,1.227659536,2770,0,0,1
"Northwest Mexico","SAN_LORENZO_SUR",1,1.196770525,2922,0,1,0
"Northwest Mexico","SAN_LUIS_GONZAGA",2,0.923298517,2297,1,0,0
"Yucatan Peninsula","SAN_MIGUEL",1,7.680179139,6039,1,0,0
"Northwest Mexico","SAN_RAFAELITO",39,5.056345299,3681,0,0,1
"Northwest Mexico","SAN_RAMON",1,1.159065682,2603,1,0,0
"Northwest Mexico","SAN_TELMO",1,1.289629708,1335,1,0,0
"Yucatan Peninsula","SAN_TORIBIO",14,7.893302027,6039,0,0,1
"Northwest Mexico","SANTA_ANA",1,1.543488305,3062,0,0,1
"Yucatan Peninsula","SANTA_JULIA",2,2.381152818,5837,0,0,1
"Northwest Mexico","SANTA_MARIA",10,2.652656627,2938,1,0,0
"Yucatan Peninsula","SANTA_ROSA_REFF",86,5.966600107,6244,0,0,1
"Yucatan Peninsula","SANTO_REMEDIO",3,7.920715488,6039,0,0,1
"Yucatan Peninsula","SANWICH",1,7.998863184,6039,0,0,1
"Gulf of Mexico","SARGAZOS",1,4.466930979,5065,0,1,0
"Yucatan Peninsula","SCOTT'S_PLAYGROUND",2,2.501830776,4004,1,0,0
"Mexican Pacific","SDA_BEACH",1,3.671485466,3478,1,0,0
"Northwest Mexico","SEAL_COVE",3,2.231972321,1200,0,1,0
"Yucatan Peninsula","SHANGRI_LA",34,4.659369903,6244,1,0,0
"Yucatan Peninsula","SHARK_POINT",23,5.865230862,6244,0,1,0
"Yucatan Peninsula","SIETE_COCOS",3,2.889603245,1908,0,1,0
"Mexican Pacific","SIETE_PULPOS",1,3.401353297,3478,1,0,0
"Yucatan Peninsula","SISAL",3,4.066674571,3864,1,0,0
"Mexican Pacific","SOCORRO",0,0,475,0,0,1
"Northwest Mexico","SOLEDAD",1,2.268481503,1204,1,0,0
"Northwest Mexico","SOMBRERITO",5,1.807575369,3466,0,1,0
"Northwest Mexico","SOUTH_CORONADO_ISLAND",1,2.283309655,1200,0,1,0
"Northwest Mexico","SOUTH_WALL",20,3.671871894,2938,0,1,0
"Yucatan Peninsula","STINGRAY",2,3.120630273,NA,0,1,0
"Northwest Mexico","SUBMARINO",9,2.630196591,3466,0,1,0
"Gulf of Mexico","SUBMARINO_VER",1,3.018181538,5065,0,1,0
"Gulf of Mexico","SUESTE",1,4.375662672,5065,0,1,0
"Mexican Pacific","TANGOLUNDA",2,3.399392078,NA,1,0,0
"Gulf of Mexico","TANGUIJO",9,3.385463452,NA,0,1,0
"Yucatan Peninsula","TANK_HA_DEEP",1,2.957457207,NA,0,1,0
"Mexican Pacific","TAPESCOS",16,3.483706515,NA,1,0,0
"Yucatan Peninsula","TARPON",12,5.96984662,6244,0,1,0
"Yucatan Peninsula","TARPON_HOLE",1,3.672989136,1908,0,0,1
"Northwest Mexico","TENACATITA",1,2.397533651,3876,1,0,0
"Northwest Mexico","TERRON_DE_AZUCAR",2,2.350867622,1437,1,0,0
"Northwest Mexico","THE_GAP",3,2.172615008,581,0,1,0
"Northwest Mexico","THE_LITTLE_WATERFALL",7,1.910962,3607,1,0,0
"Northwest Mexico","THE_ROOKERY",8,1.894829489,3607,1,0,0
"Yucatan Peninsula","TIBURONES_DORMIDOS",10,7.531773005,5044,1,0,0
"Mexican Pacific","TIGRE",6,3.961290696,1770,1,0,0
"Mexican Pacific","TIGRE",16,2.771856239,2847,0,1,0
"Northwest Mexico","TIJERETAS",11,2.368149136,NA,0,1,0
"Yucatan Peninsula","TORMENTO_REEF",75,5.812034372,6244,0,0,1
"Mexican Pacific","TORRECILLAS",8,3.840328509,1770,1,0,0
"Yucatan Peninsula","TORTUGA",55,5.96984662,6244,0,1,0
"Northwest Mexico","TRES_AMIGOS",8,2.551881753,2938,1,0,0
"Northwest Mexico","TRES_HERMANAS",1,2.858186781,1204,1,0,0
"Northwest Mexico","TRES_MARIAS",5,5.026775096,3647,1,0,0
"Northwest Mexico","TUCSON_BEACH",2,3.145357668,2491,0,1,0
"Northwest Mexico","TURNER",4,1.665444953,2922,1,0,0
"Gulf of Mexico","TUX_ENMEDIO",7,3.194002635,NA,0,1,0
"Yucatan Peninsula","TWO_STEP",6,2.417712822,5837,0,0,1
"Yucatan Peninsula","TZIMINA_HA",3,4.278364335,NA,0,1,0
"Northwest Mexico","VENCEDOR",50,2.667303202,3805,0,0,1
"Yucatan Peninsula","VILLA_BLANCA",0,0,6244,0,1,0
"Mexican Pacific","VIOLIN",16,3.586221703,2847,0,1,0
"Gulf of Mexico","VIRGEN",3,4.274050396,5065,0,1,0
"Northwest Mexico","WESTGATE",1,1.207954168,698,1,0,0
"Northwest Mexico","WINDOW_ROCK",6,4.73848333,3647,1,0,0
"Yucatan Peninsula","XAAK",4,3.571857466,NA,0,1,0
"Yucatan Peninsula","XACALACOCO",9,4.181753856,6244,0,1,0
"Yucatan Peninsula","XPALBARCO",1,3.658330298,6244,0,1,0
"Yucatan Peninsula","XPU_HA_CA<U+FFFD>ON",2,3.730323328,6244,0,1,0
"Yucatan Peninsula","YAIKU",8,3.743008593,NA,0,1,0
"Yucatan Peninsula","YAIKU_NORTH",0,0,NA,0,1,0
"Northwest Mexico","YELAPA",1,4.201601489,3811,1,0,0
"Yucatan Peninsula","YOLKANAL",0,0,NA,1,0,0
"Yucatan Peninsula","YUCAB_REEF",87,6.524489569,6244,0,0,1
"Mexican Pacific","YUNQUE",6,3.869134093,1770,1,0,0
"Yucatan Peninsula","ZAC_BAJO",3,8.432186524,6039,0,0,1
"Northwest Mexico","ZACATITOS",2,2.524289735,3513,1,0,0
"Mexican Pacific","ZACATOSO",1,4.191318788,1770,1,0,0
"Northwest Mexico","ZORRO'S_CAVE/LALO ROCK",5,4.375814186,3647,1,0,0
