company_na,state,region,lat,long,address,phone,email,locality,avg_ope_da,weeks,avg_client,number_yea,avg_cost_d,gross_rev_,avg_cost_s,gross_re_1,avg_operat,net_rev_sc,net_rev_sn,owner_nati,operationa,type_of_bu,n_of_store,employees,diving_imp,certificat,trip_price,trip_pri_1,n_boats,boat_capac,site_healt,conservati,mpa_suppor,fishing,fishing_im,involvemen,interest_j
ABYSS_DIVE_CENTER,QUINTANA ROO,Yucatan Peninsula,20.6261,-87.071109,"Zenzi beach Club meeting point, Centro, 77720 Playa del Carmen, Q.R.",(984) 8732164,info@abyssdivecenter.com,,,,,,,,,,,,,,,,,,,,,,,,,,,,,,
ACAPULCO_SCUBA_CENTER,GUERRERO,Mexican Pacific,16.839838,-99.909707,"Club Na�tico La Marina, Av Costera Miguel Alem�n 215, Las Playas, 39390 Acapulco, Guerrero",044 744 482 9474,informes@acapulcoscuba.com,ACAPULCO,6,52,54.16666667,16900,100,1267500,60,241800,66.27,427527.75,81559.14,MEXICAN,30,Family business,1,3,9,"SSI, PADI",60,30,1,28,2,10,10,Yes,10,10,10
ADVANCED_DIVER_MEXICO,QUINTANA ROO,Yucatan Peninsula,20.650719,-87.075485,"Fuente de Cervantes 9, Santa Fe del Carmen, Playa del Carmen, Q.R., Mexico",(984) 1353305,marcia@advanceddivermexico.com,PLAYA_DEL_CARMEN,7,52,5,1820,250,455000,45.47,827.554,72,127400,231.71512,MEXICAN,11,Family business,1,1,10,IANTD,250,0,0,0,8,10,10,Yes,10,10,10
ADVENTURE_DIVERS,GUERRERO,Mexican Pacific,17.640008,-101.558705,"Ejido 43, Centro, 40880 Zihuatanejo, Gro.",1 755 557 9787,adventurediversmx@gmail.com,,,,,,,,,,,,,,,,,,,,,,,,,,,,,,
ADVENTURE_TOURS_YUCATAN,YUCATAN,Yucatan Peninsula,21.027422,-89.579896,"Montecarlo, Calle 23, Montecarlo, Sin Nombre de Col 26, 97130 M�rida, Yuc.",(999) 9442173,eduardo-adventuretoursyucatan,MERIDA,6.5,52,15,5070,95,426795.4167,65,41193.75,72,119502.7167,11534.25,MEXICAN,20,Large sized business owned by one person,1,5,10,SNSI,95,65,1,8,2,10,10,No,5,9,10
AGUA_CLARA_DIVING_TULUM,QUINTANA ROO,Yucatan Peninsula,20.208827,-87.4515,"Av. Coba Km. 0.600 Loc. 1 Centro 77780 Tulum, Q.R.",(984) 8061942,,,,,,,,,,,,,,,,,,,,,,,,,,,,,,,
ALDORA_DIVERS,QUINTANA ROO,Yucatan Peninsula,20.508088,-86.952621,"Calle 5 Sur No. 37 entre oceanfront street and 5th. Avenue, Cozumel, Q.Roo",(987) 8723397,frontdesk@aldora.com,,,,,,,,,,,,,,,,,,,,,,,,,,,,,,
ALMAR_DIVE_SHOP,BAJA CALIFORNIA,Northwest Mexico,31.8628677,-116.6276413,"Macheros 149, Centro, Zona Centro, 22800 Ensenada, B.C., Mexico (From Google Maps)",00152 646 178 3013,almardive@live.com.mx,ENSEDA,6,52,85.41666667,26650,100,266500,65,17322.50001,63,98605,6409.325003,MEXICAN,17,Medium sized business,2,9,10,ANDI,115,50,4,18,10,10,10,Yes,10,5,10
ALWAYS_DIVING,QUINTANA ROO,Yucatan Peninsula,21.139769,-86.769875,"Blvd. Kukulkan Km 6.5, Zona Hotelera, 77500 Canc�n, Q.R.",01 998 849 5710,alvaro@alwaysdiving.com,,,,,,,,,,,,,,,,,,,,,,,,,,,,,,
AMIGOS_DEL_MAR,BAJA CALIFORNIA SUR,Northwest Mexico,22.8783169,-109.9107997,"Blvd Marina Plaza Gali s/n Locales 53-54, Col. Marina, Marina, 23450 Cabo San Lucas, B.C.S., Mexico (From Google Maps)",01152 624 143 0505,sealion@amigosdelmar.com,CABO_SAN_LUCAS,7,52,43.75,15925,95,1361587.5,38,60515,63,503787.375,22390.55,CANADIAN,40,Large sized business owned by with 2 or more people,1,12,9,"PADI, SSI",95,38,3,9,7,10,10,Yes,3,10,10
AMIGOS_DEL_MAR_MAHAHUAL,QUINTANA ROO,Yucatan Peninsula,18.715339,-87.708196,"Avenida Malecon corner Coronado Mahahual, Q.R., Mexico",52 1 984-151-6758,info@amigosdelmar.net,,,,,,,,,,,,,,,,,,,,,,,,,,,,,,
ANDROMEDA_DIVERS_Y_MAS,BAJA CALIFORNIA SUR,Northwest Mexico,22.8869489,-109.9074207,"Playa Medano, El Medano Ejidal, 23453 Cabo San Lucas, B.C.S., Mexico (From Google Maps)","01152 624 143 8232, 01152 624 143 2765, 044 624 147 7136, 011 52 624 147 7136",info@scubadivecabo.com,CABO_SAN_LUCAS,6.833333333,52,23.75,8439.166666,75,184329.1667,25,41085.41666,63,68201.79167,15201.60417,MEXICAN,35,Family business,1,3,8,PADI,75,25,1,6,0,10,10,Yes,1,10,10
AQUA_ADVENTURES,QUINTANA ROO,Yucatan Peninsula,21.255785,-86.746321,"Avenida Ju�rez, Centro, 77400 Isla Mujeres, Q.R.",044 998 322 8109,,,,,,,,,,,,,,,,,,,,,,,,,,,,,,,
AQUA_WORLD_SCUBA_DIVING_CENTER,GUERRERO,Mexican Pacific,16.844527,-99.910298,"Av Costera Miguel Alem�n s/n, Las Playas, 39390 Acapulco de Ju�rez, Gro.",01 744 138 9289,,,,,,,,,,,,,,,,,,,,,,,,,,,,,,,
AQUANAUTS_DIVE_ADVENTURES,QUINTANA ROO,Yucatan Peninsula,20.831347,-86.890297,"Marina El Cid, 77580 Puerto Morelos, Q.R.",(998) 2069365,info@aquautsdiveshop.com,PUERTO_MORELOS,7,52,70.83333333,25783.33333,90,1392300,25,257833.3333,72,389844,72193.33333,MEXICAN,12,Family business,2,8,10,"PADI, SSI",90,25,3,10,7,10,10,Yes,5,10,10
AQUATIC_SPORTS_AND_ADVENTURES,COLIMA,Mexican Pacific,19.118447,-104.35526,"Naranjos 30, Santiago Centro, 28860 Manzanillo, Col.",01 314 334 6394,,MANZANILLO,6,52,13.75,4290,110,424710,55,23595,66.27,143254.683,7958.5935,UNITED STATES,10,Family business,1,1,10,PADI,110,55,,,7,10,8,Yes,4,10,10
AQUATIC_SPORTS_COZUMEL,QUINTANA ROO,Yucatan Peninsula,20.497954,-86.956544,"5 Avenida Sur Bis C 550, Gonzalo Guerrero, 77600 San Miguel de Cozumel, Q.R.",(987) 8720640,,,,,,,,,,,,,,,,,,,,,,,,,,,,,,,
AQUAWORLD,QUINTANA ROO,Yucatan Peninsula,21.084025,-86.774769,"Boulevard Kukulcan km 15.3, Zona Hotelera, 77500 Canc�n, Q.R.",01 998 689 1013,,,,,,,,,,,,,,,,,,,,,,,,,,,,,,,
AQUAWORLD_COZUMEL,QUINTANA ROO,Yucatan Peninsula,20.482132,-86.972067,"Km. 3.5 Avenida Costera Cozumel, Q.Roo",(998) 8488326,,,,,,,,,,,,,,,,,,,,,,,,,,,,,,,
ATLANTIS_CLUB_DE_BUCEO,JALISCO,Northwest Mexico,20.691977,-103.454428,"Concentro, Local N6. Perif�rico 6503, Ciudad Granja, CP 45010  Zapopan, Jal.",044 477 169 5708,club@atlantisbuceo.org,,,,,,,,,,,,,,,,,,,,,,,,,,,,,,
AVENTURA_SUBMARINA,OAXACA,Mexican Pacific,15.861991,-97.061996,"Avenida Perez Gasga Numero 609 , Puerto Escondido 71983, M�xico",01 954 544 4862,,PUERTO_ESCONDIDO,7,52,10,3640,80,262080,15,2730,66.27,88399.584,920.829,MEXICAN,33,Family business,1,3,10,PADI,80,15,1,6,5,10,10,Yes,5,10,10
BAJA_BLUE_DIVERS,BAJA CALIFORNIA,Northwest Mexico,31.8636695,-116.6573351,"Bahia Ensenada, 22880 Ensenada, Baja California","01152 1 646 196 1707, 01152 1 646 102 2364, 323 345 4870",bajabluediver@gmail.com,,,,,,,,,,,,,,,,,,,,,,,,,,,,,,
BAJA_DIVE,BAJA CALIFORNIA SUR,Northwest Mexico,22.880205,-109.9120221,"Blvd. Marina and Cabo San Lucas I-4, Centro, 23450 Cabo San Lucas, B.C.S., Mexico (From Google Maps)","01152 624 143 7659, 044 624 164 3712",bajadive@yahoo.com,,,,,,,,,,,,,,,,,,,,,,,,,,,,,,
BAJA_DIVING_ADVENTURES,BAJA CALIFORNIA,Northwest Mexico,31.85885,-116.621613,"Avenida de la Marina s/n, Centro, Zona Centro, 22800 Ensenada, B.C.",01 646 132 5331,,ENSEDA,7,52,20,7280,125,273000,90,458640,63,101010,169696.8,MEXICAN,3,Family business,1,5,10,PADI,80,40,2,14,1,10,10,Yes,10,10,10
"BAJA_EXPEDITIONS_DE_MEXICO,_S.A._DE_C.V.",BAJA CALIFORNIA SUR,Northwest Mexico,24.149813,-110.3302109,"Calle Sonora #585 entre Abasolo y, Topete, Barrio Manglito, 23060 La Paz, B.C.S.","01152 612 125 3828, 800 843 6967, 858 581 3311","travel@bajaex.com, operaciones@bajaex.com, javier@bajaex.com",LA_PAZ,5.5,52,26.25,7507.5,150,112612.5,100,600600,63,41666.625,222222,MEXICAN,45,Medium sized business,1,31,5,PADI,150,100,7,9,,10,8,No,5,5,1
BAJO_EL_MAR_ACAPULCO,GUERRERO,Mexican Pacific,16.843459,-99.910456,"Paseo del Pescador, Las Playas, 39390 Acapulco de Ju�rez, Gro.",01 55 5502 4899,bajoelmaracapulco@gmail.com,,,,,,,,,,,,,,,,,,,,,,,,,,,,,,
BANDERAS_SCUBA_REPUBLIC,JALISCO,Northwest Mexico,20.603321,-105.23646,"L�zaro C�rdenas 230, Emiliano Zapata, 48300 Puerto Vallarta, Jal.",01 322 135 7884,info@bs-republic.com,PUERTO_VALLARTA,5,52,11.66666667,3033.333333,90,245700,5,1516.666667,63,90909,561.1666668,MEXICAN,14,Family business,1,,10,PADI,,,0,8,7,7,10,Yes,10,10,10
BAREFOOD_DIVECENTER_COZUMEL,QUINTANA ROO,Yucatan Peninsula,20.508372,-86.949509,"10 Av #198 Entre 1a Sur Y Calle A.R. Salas Cozumel, Q Roo 77600, Centro, 77600 San Miguel de Cozumel, Q.R.",01 987 878 3201,,,,,,,,,,,,,,,,,,,,,,,,,,,,,,,
BEYOND_DIVING,QUINTANA ROO,Yucatan Peninsula,20.636611,-87.062242,"Calle 46 Norte Across from Police Station. Playa del Carmen, QROO Mexico",(984) 8033043,info@beyonddivingscuba.com,,,,,,,,,,,,,,,,,,,,,,,,,,,,,,
BLUE_ANGEL_SCUBA,QUINTANA ROO,Yucatan Peninsula,20.492042,-86.966068,"Carr. Costera Sur 2.2 Zona Hotelera Sur, Cozumel, Q.Roo","(987) 8720819, (987) 8721631",diveshop@blueangelresort.com,COZUMEL,7,52,383.3333333,139533.3333,100,12558000,45,627900,72,3516240,175812,CANADIAN,30,Medium sized business,2,24,10,PADI,100,45,4,14,7,10,10,Yes,7,10,10
BLUE_CABO,BAJA CALIFORNIA SUR,Northwest Mexico,23.0490283,-109.7091363,"Paseo Malecon San Jose s/n, Centro, 23400 San Jos� del Cabo, B.C.S., Mexico (From GoogleMaps)",01152 624 129 8101,info@bluecabo.com,,,,,,,,,,,,,,,,,,,,,,,,,,,,,,
BLUE_FISH,BAJA CALIFORNIA SUR,Northwest Mexico,22.8815759,-109.9128477,"Igy Marina Dock LMN, Marina, 23450 Cabo San Lucas, Baja California Sur, Mexico (From GoogleMaps)","52  624 166 0211, 52 624 105 1004",,CABO_SAN_LUCAS,7,52,229.1666667,83416.66667,115,2476716.667,25,1399125,63,916385.1667,517676.25,MEXICAN,9,Family business,1,7,10,NO,115,25,3,16,7,10,10,Yes,1,10,10
BLUE_LIFE,QUINTANA ROO,Yucatan Peninsula,20.635241,-87.063135,"Calle Flamingo, Centro, 77710 Playa del Carmen, Q.R.",+1 707-726-1122,info@bluelife.com,PLAYA_DEL_CARMEN,7,52,11.66666667,4246.666667,90,382200,70,2972.666675,72,107016,832.346669,MEXICAN,7,Family business,1,5,10,"PADI, TDI",90,70,0,0,7,10,10,Yes,5,10,10
BLUE_MAGIC_SCUBA,QUINTANA ROO,Yucatan Peninsula,20.512449,-86.947654,"Calle 4 Norte 71, Centro, 77600 San Miguel de Cozumel, Q.R.",(987) 8726143,bmsadmin@bluemagicscuba.com,COZUMEL,7,52,145.8333333,53083.33333,88,4671333.333,45,23887.49999,72,1307973.333,6688.499998,USA,9,Family business,1,13,10,PADI,88,45,3,8,8,10,10,Yes,8,10,9
BLUE_MOTION_DIVERS,QUINTANA ROO,Yucatan Peninsula,20.650678,-87.076934,"Santa Fe del Carmen 77712 Playa del Carmen, Quintana Roo",(984) 181 5718,info@bluemotiondivers.com,,,,,,,,,,,,,,,,,,,,,,,,,,,,,,
BLUE_NATION_BAJA,BAJA CALIFORNIA SUR,Northwest Mexico,26.009735,-111.345159,"Avenida Salvatierra, adentro de la Plaza Mision Loreto, Centro, 23880 Loreto, B.C.S.",044 613 124 0607,bluetionbaja@gmail.com,LORETO,6.166666667,52,18.75,6012.5,135,306637.5,75,260541.6667,63,113455.875,96400.41667,MEXICAN-SPANISH,2,Family business,1,3,8,"NAUI, PADI, GUE, IANTD, DAN",135,75,1,8,0,10,10,Yes,8,10,10
BLUE_NOTE,QUINTANA ROO,Yucatan Peninsula,20.509223,-86.937208,"Avenida 50 entre calle 12 y 14, #625, Cozumel, Q. Roo",(987) 8720312,info@bluenotescuba.com,,,,,,,,,,,,,,,,,,,,,,,,,,,,,,
BLUELIFE,QUINTANA ROO,Yucatan Peninsula,20.63519,-87.063096,"Corner of Calle 40 and Calle Flamingo, one block from the beach Playa del Carmen, Mexico",(984) 5932226,info @ bluelife.com,,,,,,,,,,,,,,,,,,,,,,,,,,,,,,
BOCA_DIVERS,JALISCO,Northwest Mexico,20.512851,-105.314607,"Calle Pelicanos 518, Boca de Tomatl�n, Jal.",01 322 228 0713,bocadivers@yahoo.com,,,,,,,,,,,,,,,,,,,,,,,,,,,,,,
BUCANERO_DEL_CARIBE,QUINTANA ROO,Yucatan Peninsula,18.718331,-87.707148,"Av. Huachinango entre pargo y sierra Mahahual Q.R., M�xico",( 52) 983 120 53 06,bucanero@divemahahual.com,,,,,,,,,,,,,,,,,,,,,,,,,,,,,,
BUCEA_BAJA_NORTE,BAJA CALIFORNIA,Northwest Mexico,32.523512,-117.03264,"Av. Miguel Negrete 2183, Zona Centro, 22000 Tijuana, B.C.",01 664 110 1349,info @buceobajanorte.com,TIJUANA,3,52,7.083333333,1105,80,88400,40,441.9999979,63,32708,163.5399992,MEXICAN,2,Family business,1,5,10,PADI,100,65,0,10,3,10,10,Yes,8,10,10
BUCEANDO_MAHAHUAL,QUINTANA ROO,Yucatan Peninsula,18.719577,-87.706309,"Malecon de Mahahual  entre pargo y rubia. Q.R, M�xico",9840000000,info@buceandomahahual.com,,,,,,,,,,,,,,,,,,,,,,,,,,,,,,
BUCEO_CAREY,BAJA CALIFORNIA SUR,Northwest Mexico,24.1545561,-110.3253268,"Topete 3040, El Manglito, Barrio Manglito, 23060 La Paz, Baja California Sur, Mexico (From GoogleMaps)","52 612 123 2333, 52 612 128 4048, 52 612 157 3177",info@buceocarey.com,LA_PAZ,7,52,104.1666667,37916.66667,150,3981250,90,1023750,63,1473062.5,378787.5,MEXICAN,27,Family business,1,10,8,SNSI,700,90,3,10,0,10,10,Yes,8,10,10
BUCEO_HUATULCO,OAXACA,Mexican Pacific,15.767336,-96.138312,"Ocotillo 206, H, 70987 Crucecita, Oax.",01 958 105 1361,hoy.bucea@gmail.com,HUATULCO,7,52,11.25,4095,100,368550,22,4504.5,66.27,124311.915,1519.36785,MEXICAN,9,Family business,1,3,10,PADI,100,22,1,5,5,10,10,Yes,3,10,10
BUCEO_XTABAY,QUINTANA ROO,Yucatan Peninsula,20.861243,-86.900818,"Trasatlantico Mz 25 Lote 10,  Villas Morelos 1 Puerto Morelos, Q.Roo",(998) 2089132,buceoxtabay@gmail.com,PUERTO_MORELOS,7,52,33.75,12285,120,1326780,55,67567.5,72,371498.4,18918.9,MEXICAN,11,Family business,1,4,10,NAUI,120,55,2,12,4,10,10,Yes,5,10,10
BUCEOS_TOTO,BAJA CALIFORNIA SUR,Northwest Mexico,24.1598427,-110.3157924,Guerrero N�m. 213 e/Revoluci�n y  Aquiles Serd�n Col. Esterito (From Government Data),12 2-71-54,"earmenta@hotmail.com, eskualo@homail.com",LA_PAZ,7,52,13.75,5005,150,150150,90,90090,63,55555.5,33333.3,MEXICAN,40,Family business,1,3,10,SDS,150,70,3,8,2,10,10,Yes,8,10,10
CABALLEROS_DEL_MAR,JALISCO,Northwest Mexico,20.682037,-103.343212,"Calle Joaqu�n Angulo 48, Centro Barranquitas, 44100 Guadalajara, Jal.",3334470000,caballerosdelmar@yahoo.com,GUADALAJARA,6,52,49.58333333,15470,250,3480750,125,193375,63,1287877.5,71548.75,MEXICAN,38,Family business,1,1,10,"NAUI, PADI, CMAS",250,125,,,5,10,0,Yes,9,10,10
CABALLITOS_DEL_CARIBE,QUINTANA ROO,Yucatan Peninsula,20.511341,-86.949082,"5th Ave. South entre calle 3 y 5, Centro 77600 Cozumel Q.Roo",(987) 8721449,,,,,,,,,,,,,,,,,,,,,,,,,,,,,,,
CABO_ADVENTURES,BAJA CALIFORNIA SUR,Northwest Mexico,22.878576,-109.9128055,"Bldv. Paseo de la Marina (Esquina Malecon), Lote 7-A, Cabo San Lucas, Mexico CP 23410 (From Operator Website)","011 52 322 226 8413, 1 888 526 2238",info@cabo-adventures.com,CABO_SAN_LUCAS,7,52,5000,1820000,139,12649000,89,32396000,63,4680130,11986520,MEXICAN,12,Large sized business owned by with 2 or more people,6,100,4,PADI,139,89,9,24,7,10,10,Yes,7,10,10
CABO_DEEP_BLUE,BAJA CALIFORNIA SUR,Northwest Mexico,22.8808351,-109.913951,"Blvd. Paseo de la Marina 17, Centro, Marina, 23450 Cabo San Lucas, B.C.S.","52 624 143 7668, 52 624 147 5202",,CABO_SAN_LUCAS,7,52,25,9100,100,819000,65.67,59759.7,63,303030,22111.089,MEXICAN,19,Family business,1,2,10,PADI,100,0,2,10,0,10,10,No,0,10,10
CABO_DIVERS,BAJA CALIFORNIA SUR,Northwest Mexico,22.8815889,-109.9127597,"Dock L-M-N, Marina, 23450 Cabo San Lucas, B.C.S., Mexico (From GoogleMaps)",52 624 178 5008,,,,,,,,,,,,,,,,,,,,,,,,,,,,,,,
CABO_EXPEDITIONS,BAJA CALIFORNIA SUR,Northwest Mexico,22.881802,-109.911694,"Blvd. Marina s/n, Plaza de la Danza Local 6, Centro, 23450 Cabo San Lucas, B.C.S., Mexico (From Google Maps)","011 52 624 143 2700, 001 619 752 2294",info@caboexpeditions.com.mx,,,,,,,,,,,,,,,,,,,,,,,,,,,,,,
CABO_PULMO_BEACH_RESORT,BAJA CALIFORNIA SUR,Northwest Mexico,23.4448093,-109.4565792,"Conocido Cabo Pulmo, 23574 Cabo Pulmo Baja Sur California (From Operator Facebook Page)Coordinates from GoogleMaps ""Cabo Pulmo Beach Resort""","01152 624 141 0726, 562 366 0398, 562 366 0722","tours@cabopulmo.com, diving@cabopulmo.com, info@cabopulmo.com",CABO_PULMO,7,52,23.33333333,8493.333333,104.5833333,799435,62.91666667,26718.61112,63,295790.95,9885.886114,UNITED STATES,20,Large sized business owned by one person,1,25,10,PADI,100,65,5,5,0,10,10,Yes,1,10,10
CABO_PULMO_DIVERS,BAJA CALIFORNIA SUR,Northwest Mexico,23.3398796,-109.4994946,"Acceso principal a la playa, Cabo Pulmo BCS C.P.23570",612 157 3381,cabopulmodivers@yahoo.com,CABO_PULMO,7,52,22.08333333,8038.333333,135,976657.5,55,22105.41667,63,361363.275,8179.004169,MEXICAN,29,Family business,1,8,10,PADI,135,55,5,8,0,10,10,Yes,7,10,10
CABO_PULMO_SPORT_CENTER,BAJA CALIFORNIA SUR,Northwest Mexico,23.4370987,-109.42713,"Acceso a la playa de Cabo Pulmo/ Cabo Pulmo B.C.S. Coordinates are from GoogleMaps ""Cabo Pulmo Sports Center Bungalows""","01152 624 157 9795, 01152 624 158 8981","cabopulmosportcenter@gmail.com, info@cabopulmosportcenter.com",CABO_PULMO,7,52,245.8333333,89483.33333,100,2047500,55,2652650,63,757575,981480.5,MEXICAN,19,Family business,2,10,5,PADI,100,55,8,10,2,10,10,Yes,0,10,10
CABO_PULMO_WATER_SPORTS,BAJA CALIFORNIA SUR,Northwest Mexico,23.4367201,-109.4339294,Driving directions: The Pulmo is the first population center you meet on the dirt road. Stop here (From Operator Webstite) Coordinates from GoogleMaps,01152 624 176 2618,Info@cabopulmowatersports.com,CABO_PULMO,7,52,68.75,25025,145,2155183.333,50,508083.3333,63,797417.8333,187990.8333,MEXICAN,10,Medium sized business,1,8,10,PADI,145,50,4,6,0,10,10,Yes,4,10,10
CABO_SHARK_DIVE,BAJA CALIFORNIA SUR,Northwest Mexico,22.884782,-109.911126,"Lote A18 de la Darsena BCS | Slip F12, Cabo San Lucas, Mexico (From TripAdvisor)",1 866 261 3872,info@cabosharkdive.com,CABO_SAN_LUCAS,7,52,35.41666667,12891.66667,190,489883.3333,110,1134466.667,63,181256.8333,419752.6667,ITALIAN,4,Family business,1,5,2,PADI,190,110,0,0,0,10,10,Yes,4,10,8
CABO_TREK,BAJA CALIFORNIA SUR,Northwest Mexico,22.8805819,-109.9140277,"Boulevard Paseo de La Marina S/N, Local C-2, Colonia Centro, Wyndham Hotel, 23450 Cabo San Lucas, B.C.S., Mexico (From Google Maps)","01152 624 123 1477, 01 844 851 9842, 01152 624 143 6242, 01152 624 174 3160",info@cabotrek.com,CABO_SAN_LUCAS,7,52,120.8333333,43983.33333,135,1335993.75,55,846679.1667,63,494317.6875,313271.2917,AUSTRIAN,5,Family business,1,4,6,PADI,135,55,2,14,6,10,10,Yes,10,10,10
CANCUN_SCUBA_CENTER,QUINTANA ROO,Yucatan Peninsula,21.140109,-86.769907,"Blvd. Kukulcan, Km 6.5, Zona Hotelera, 77500 Canc�n, Q.R.",998 8450977,operations@cancunscubacenter.com,,,,,,,,,,,,,,,,,,,,,,,,,,,,,,
CAREY_DIVE_CENTER,QUINTANA ROO,Yucatan Peninsula,21.257681,-86.748466,"Av. Matamoros 13-A, Isla Mujeres, Centro-Supmza 001, 77400",998 877 0763,info@careydivecenter.com,,,,,,,,,,,,,,,,,,,,,,,,,,,,,,
CARIBBEAN_DIVERS,QUINTANA ROO,Yucatan Peninsula,20.508264,-86.950864,5 Ave. #265 esq 3 Sur. One block from the Ocean Front Cozumel Q. Roo,(987) 8721145,m.me/cozumeldivingcenter,,,,,,,,,,,,,,,,,,,,,,,,,,,,,,
CARLO_SCUBA,GUERRERO,Mexican Pacific,17.620983,-101.551246,"Playa las Gatas, 40880 Zihuatanejo, Gro.",01 755 115 1779,carloscuba@yahoo.com,,,,,,,,,,,,,,,,,,,,,,,,,,,,,,
CASA_DEL_BUCEO,QUINTANA ROO,Yucatan Peninsula,21.23885,-86.739212,"Calle Pescadores S/N, Colonia electricistas, 77400 Isla Mujeres, Q.R.",998 274 7000,info@casadelbuceo.com,ISLA_MUJERES,7,52,40.41666667,14711.66667,90,936390,45,193830,72,262189.2,54272.4,MEXICAN,30,Family business,1,10,10,PADI,90,45,3,14,2,10,10,Yes,10,7,10
CENOTE_DIVE_CENTER,QUINTANA ROO,Yucatan Peninsula,20.211102,-87.459063,"Andromeda Ote and Centauro Sur, Tulum Q. Roo",(984) 8712232,info@cenotedive.com,,,,,,,,,,,,,,,,,,,,,,,,,,,,,,
CENOTEXPERIENCE,QUINTANA ROO,Yucatan Peninsula,20.635791,-87.07002,"Calle 34 Nte, esquina Avenida 20, local 4 Tohoku, Gonzalo Guerrero 77720 Playa del Carmen, Q.R.",(984) 1474442,info@cenotexperience.com,,,,,,,,,,,,,,,,,,,,,,,,,,,,,,
CENTRO_DE_BUCEO_SOTAVENTO_SA_DE_CV,OAXACA,Mexican Pacific,15.76436,-96.138714,"Flanmboyan 310, La Crucecita, 70989 Santa Mar�a Huatulco, Oaxaca",044 958 110 0082,sebastian@oceanoadventures.com,HUATULCO,7,52,7.916666667,2881.666667,100,230533.3333,35,20171.66666,66.27,77758.89333,6803.903165,MEXICAN,30,Family business,1,2,8,FMAS,100,35,1,7,1,10,10,Yes,1,10,10
CHICOS_DIVE_SHOP,JALISCO,Northwest Mexico,20.613009,-105.233567,"Paseo D�az Ordaz 772, Centro, 48300 Puerto Vallarta, Jal.",01 322 222 1895,,,,,,,,,,,,,,,,,,,,,,,,,,,,,,,
CIRJARO_TOURS,BAJA CALIFORNIA SUR,Northwest Mexico,22.898449,-109.955464,PASEO PACIFICO MANZANA 2 LOTE 1 LOCAL 3,6241580000,CIRJARO@OUTLOOK.COM,CABO_SAN_LUCAS,7,52,191.6666667,69766.66667,130,2227983.333,80,1674400,63,824353.8333,619528,MEXICAN,2,Family business,1,3,10,"PADI, CMAS",130,80,1,13,0,10,10,Yes,2,10,10
CLUB_CANTAMAR,BAJA CALIFORNIA SUR,Northwest Mexico,24.279128,-110.3315021,"Alvaro Obreg�n N�m.  1665 - 2  Col. Centro C.P. 23000, La Paz.","12 2-18-26, 12 2-70-10",info@clubcantamar.com,LA_PAZ,7,52,199.1666667,72496.66667,150,3806075,90,3588585,63,1408247.75,1327776.45,MEXICAN,36,Family business,1,60,10,"PADI, SSI",150,60,9,35,4,10,10,Yes,10,10,10
CORTEZ_CLUB,BAJA CALIFORNIA SUR,Northwest Mexico,24.203642,-110.300356,"Km. 5, Carretera a Pichilingue, 23010 La Paz, B.C.S.",52 612 121 6120,info@cortezclub.com,LA_PAZ,7,52,120.8333333,43983.33333,150,2639000,100,2639000,63,976430,976430,MEXICAN,23,Medium sized business,1,20,10,PADI,150,100,14,8,7,10,10,Yes,10,5,10
CORTEZ_EXPEDITIONS,BAJA CALIFORNIA SUR,Northwest Mexico,24.1455064,-110.3419177,"Brecha California 670, 23090 La Paz, Baja California Sur (From Operator Facebook Page)",52 1 612 348 9234,info@cortezexpeditions.com,LA_PAZ,5,52,10,2600,200,364000,100,78000,63,134680,28860,MEXICAN-BRITISH,5,Family business,1,8,10,"PADI, EFR, TDI, IANTD, DAN",200,100,1,4,0,10,10,Yes,8,10,9
COSTA_MAYA_ADVENTOURS,QUINTANA ROO,Yucatan Peninsula,18.723952,-87.70139,"Av. Mahahual s/n, Mahahual Costa Maya Q.R M�xico",(984) 1163316,info@costamayaadventours.com,,,,,,,,,,,,,,,,,,,,,,,,,,,,,,
COZUMEL_MARINE_WORLD,QUINTANA ROO,Yucatan Peninsula,20.483035,-86.97189,"Carretera Chankanaab Km. 4 Local 2 Zona Hotelera, Centro, 77600 San Miguel de Cozumel, Q.R.",(997) 1035690,alex@cozumelmarineworld.com,,,,,,,,,,,,,,,,,,,,,,,,,,,,,,
COZUMEL_SPORTS,QUINTANA ROO,Yucatan Peninsula,20.467242,-86.979698,"Marina Cozumel. Carretera Costera Sur Km. 6.5 Zona Hotelera Sur, 77600 Q.R.",(987) 8726726,eduardo@cozumelsports.com,,,,,,,,,,,,,,,,,,,,,,,,,,,,,,
DEEP_BLUE,QUINTANA ROO,Yucatan Peninsula,20.507894,-86.949764,"Adolfo Rosado Salas #200 Cozumel, Q. Roo Mexico 77600",(987) 8725653,scuba@deepbluecozumel.com,COZUMEL,7,52,125,45500,85,3480750,65,295750,72,974610,82810,MEXICAN,24,Medium sized business,1,14,10,PADI,85,65,3,7,7,10,10,Yes,10,10,9
DEEP_BLUE_DIVE,OAXACA,Mexican Pacific,15.850746,-97.054403,"Calle del Morro s / n, col. Marinero, Playa Zicatela ,  71986 Puerto Escondido (Oax)  M�xico",(+52) 954-127-8306,lorenzo_bini@hotmail.com,PUERTO_ESCONDIDO,6.416666667,52,52.08333333,17378.47222,90,1151150,25,33019.09722,66.27,388282.895,11137.34149,ITALIAN,16,Family business,1,3,8,PADI,90,252,2,8,3,10,9,Yes,8,8,8
DEEP_EXPOSURE_DIVE_CENTER,QUINTANA ROO,Yucatan Peninsula,20.507944,-86.949754,"10a Avenida Sur 215, Centro, 77600 San Miguel de Cozumel, Q.R.",(987) 8723621,lupita@deepexposuredivecenter.com,COZUMEL,7,52,93.75,34125,97,2979112.5,55,187687.5,72,834151.5,52552.5,MEXICAN,15,Medium sized business,1,9,10,"PADI, NAUI, SDI, TDI",97,55,2,11,8,10,10,Yes,10,10,10
DEEP_LIFE_DIVERS,QUINTANA ROO,Yucatan Peninsula,21.143477,-86.791025,"Calle Pescador SN Hotel Sotavento, Zona Hotelera, 77500 Canc�n, Q.R.",01 998 227 4043,,,,,,,,,,,,,,,,,,,,,,,,,,,,,,,
DELFIN_DIVING,QUINTANA ROO,Yucatan Peninsula,21.238602,-86.739206,"La Playita Pier, MSDT no. 31709, Isla mujeres",998 578 7097,arturo_delfin@hotmail.com,,,,,,,,,,,,,,,,,,,,,,,,,,,,,,
DELFINES_GEMELOS,JALISCO,Northwest Mexico,20.660234,-105.239717,"Calle Polit�cnico Nacional 107, Educaci�n, 48338 Puerto Vallarta, Jal.",01 322 293 1905,tdscuba@twindolphinspv.com,PUERTO_VALLARTA,5,52,11.66666667,3033.333333,120,327600,60,18200.00001,63,121212,6734.000002,MEXICAN,22,Family business,1,4,10,PADI,120,65,2,12,0,10,10,No,0,10,10
DIMI_SCUBA_TOURS,QUINTANA ROO,Yucatan Peninsula,20.496423,-86.94755,"55 Ave. # 291 entre 3 Sur y Adolfo R. Salas Cozumel, Q Roo",987) 8722915,dia_de_leon@hotmail.com,COZUMEL,7,52,22.08333333,8038.333333,70,419358.3333,45,283237.5,72,117420.3333,79306.5,MEXICAN,30,Family business,2,11,10,"PADI, SST",70,45,2,20,2,5,8,Yes,8,10,9
DISCOVER_MANZANILLO,COLIMA,Mexican Pacific,19.104005,-104.342726,"Vista Hermosa 13, Pen�nsula de Santiago, 28868 Manzanillo, Col.",01 314 164 3242,�Mariano@discovermanzanillo,MANZANILLO,7,52,512.5,186550,100,1865500,50,3731000,66.27,629233.15,1258466.3,MEXICAN,15,Family business,2,9,4,PADI,100,50,3,14,9,10,10,Yes,2,10,10
DIVE_AVENTURAS,QUINTANA ROO,Yucatan Peninsula,20.499794,-87.227378,"Interior of Omni Hotel, 77750 Puerto Aventuras, Q.R.",(984) 8735129,info@diveaventuras.com,,,,,,,,,,,,,,,,,,,,,,,,,,,,,,
DIVE_CABO,BAJA CALIFORNIA SUR,Northwest Mexico,22.88077,-109.9113,"Wyndham Resort, Local A14, Blvd. Marina, Lote 9 y 10, Colonia Centro, Marina, 23450 Cabo San Lucas, Baja California Sur, Mexico  (From Google Maps)","011 52 624 157 6327, 011 52 624 105 1793, 044 624 157 6327, 044 624 105 1793",info@divecabo.com,,,,,,,,,,,,,,,,,,,,,,,,,,,,,,
DIVE_HOME,QUINTANA ROO,Yucatan Peninsula,20.847139,-86.877037,"AVENIDA JAVIER ROJO GOMEZ SM01 MZ09 LT04, 77580 Puerto Morelos, Q.R.",984 207 8181,adriandprado@gmail.com,PUERTO_MORELOS,7,52,5,1820,130,189280,35,12740,72,52998.4,3567.2,MEXICAN-SPANISH,10,Family business,1,2,10,"PADI, ACUC",130,35,0,0,8,10,10,Yes,1,10,10
DIVE_HOUSE,QUINTANA ROO,Yucatan Peninsula,20.50956,-86.950052,"Calle 1 Sur 580, Centro, 77600 San Miguel de Cozumel, Q.R.",(987) 8721953,dive@divehouse.com,,,,,,,,,,,,,,,,,,,,,,,,,,,,,,
DIVE_IN_LA_PAZ,BAJA CALIFORNIA SUR,Northwest Mexico,24.159683,-110.317978,"Unable to find address. Coordinates from GoogleMaps ""La Paz, Baja California Sur""","01152 612 149 4410, 01152 612 167 8914",info@diveinlapaz.com,LA_PAZ,7,52,75,27300,150,1433250,100,1501500,63,530302.5,555555,FRENCH,5,Family business,1,8,10,PADI,150,90,2,8,0,10,10,No,8,10,10
DIVE_LIFE,QUINTANA ROO,Yucatan Peninsula,21.257281,-86.746763,"Calle 2, between 5th, 10 Avenida Sur, Gonzalo Guerrero, 77710 Playa del Carmen, Q.R.",998 688 4164,isla@divelife.mx,,,,,,,,,,,,,,,,,,,,,,,,,,,,,,
DIVE_MEX,QUINTANA ROO,Yucatan Peninsula,20.624199,-87.07603,Calle 2 entre Avenida 10 y 15 Centro Colonial 77710 Playa del Carmen Quintana Roo,(984) 1480425,info@divemex.net,,,,,,,,,,,,,,,,,,,,,,,,,,,,,,
DIVE_MIKE,QUINTANA ROO,Yucatan Peninsula,20.625653,-87.072548,"Calle 8 entre 5 Ave y Zona Federal Maritima, Playa del Carmen Q. Roo 77710",(984) 8031228,info@divemike.com,PLAYA_DEL_CARMEN,7,52,166.6666667,60666.66667,70,3822000,40,121333.3333,72,1070160,33973.33333,MEXICAN,18,Family business,1,10,10,"PADI, IANTD, CMAS, SDI, TDI",70,40,2,10,2,0,10,Yes,7,10,10
DIVE_NINJA_EXPEDITIONS,BAJA CALIFORNIA SUR,Northwest Mexico,22.887812,-109.912815,"Ignacio Zaragoza 345 Entre Calles 16 de Septiembre y Ni�os Heroes, Centro, 23450 Cabo San Lucas, B.C.S.",01 624 247 3741,,CABO_SAN_LUCAS,7,52,10,3640,115,359298.3333,60,21840,63,132940.3833,8080.8,UNITED STATES,2,Family business,1,3,10,"PADI, SSI",115,60,0,0,4,10,10,Yes,8,10,10
DIVE_PALANCAR,QUINTANA ROO,Yucatan Peninsula,20.500979,-86.953719,"Km 12.1, Lic. Andr�s Quintana Roo s/n, Gonzalo Guerrero, 77600 San Miguel de Cozumel, Q.R.",(987) 8725556,divepal@prodigy.net.mx,,,,,,,,,,,,,,,,,,,,,,,,,,,,,,
DIVE_PARADISE,QUINTANA ROO,Yucatan Peninsula,20.506553,-86.956367,"Avenida General. Rafael E. Melgar 602, Centro, 77600 San Miguel de Cozumel, Q.R.",(987) 8721007,,,,,,,,,,,,,,,,,,,,,,,,,,,,,,,
DIVE_PRO_CANCUN,QUINTANA ROO,Yucatan Peninsula,21.143255,-86.78209,"Boulevard Kukulcan, Km. 5, Hotel Zone, Zona Hotelera, 77500 Canc�n, Q.R.",01 998 197 6944,contact@diveprocancundiving.com,,,,,,,,,,,,,,,,,,,,,,,,,,,,,,
DIVE_SHOP_MEXICO,QUINTANA ROO,Yucatan Peninsula,20.630419,-87.069323,"Calle 20 Entre 5ta y, Calle 1 Nte. Loc. 2, Centro, 77710 Playa del Carmen, Q.R.",(984) 8033174,info@diveshopmexico.com,,,,,,,,,,,,,,,,,,,,,,,,,,,,,,
DIVE_WITH_CHARRO,QUINTANA ROO,Yucatan Peninsula,20.508728,-86.948537,"C. 1RA SUR X 10 Y, 15A Avenida Sur, Centro, San Miguel de Cozumel, Q.R.",(987) 1129838,divecharrocozumel@gmail.com,COZUMEL,7,52,30,10920,80,786240,50,54600,72,220147.2,15288,MEXICAN,20,Family business,1,7,10,PADI,80,50,2,14,8,10,10,Yes,9,8,8
DIVE_WITH_MARTIN,QUINTANA ROO,Yucatan Peninsula,20.478936,-86.974419,"Carretera Costera Sur km. 4.5. Loc. 1A int. SSA Muelle Internacional Cruise Ship Terminal, Cozumel Q. Roo. 77600",987) 8722610,divewithmartin@gmail.com,,,,,,,,,,,,,,,,,,,,,,,,,,,,,,
DIVE_WITH_RUBEN_SCUBA_DIVING_PUERTO_MORELOS,QUINTANA ROO,Yucatan Peninsula,20.850234,-86.874705,"Rafael E. Melgar Mz2 Lt2 Puerto Morelos 77580 Puerto Morelos, Q.R.",(998) 1303240,Info@divewithruben.com,,,,,,,,,,,,,,,,,,,,,,,,,,,,,,
DIVE_ZIHUA,GUERRERO,Mexican Pacific,17.639081,-101.557628,"Pedro Ascencio 7, Centro, 40890 Zihuatanejo, Gro.",044 755 102 3738,dive@divezihuatanejo.com,IXTAPA,6.25,52,12.5,4062.5,100,312812.5,90,59718.75001,66.27,105511.6563,20143.13438,CANADIAN,10,Family business,1,1,10,PADI,90,35,1,12,,10,10,Yes,9,10,9
DIVERSITY_DIVING,QUINTANA ROO,Yucatan Peninsula,20.638407,-87.063953,"Calle 30 con 5ta Avenida, Playa del Carmen Q. Roo",(984) 8034483,info@diversitydiving.com,PLAYA_DEL_CARMEN,5.166666667,52,64.58333333,17351.38889,80,1249300,60,52054.16668,72,349804,14575.16667,MEXICAN,6,Family business,1,8,10,PADI,100,45,1,13,2,10,10,Yes,10,9,9
DIVERSPOINT_PUERTO_MORELOS,QUINTANA ROO,Yucatan Peninsula,20.848754,-86.875828,"Av. Javier Rojo Gomez, SM2 MZ5 Lote 18 Local-2, 77580 Puerto Morelos, Q.R.",(998) 2069051,info@diverspoint.com,,,,,,,,,,,,,,,,,,,,,,,,,,,,,,
DIVING_ADVENTURES,QUINTANA ROO,Yucatan Peninsula,20.467009,-86.980411,"15 Ave. Sur C # 1280 Entre calles 19 y 21 Cozumel , QUINTANA ROO , 77663",(987) 8723009,feliperomo007@hotmail.com,,,,,,,,,,,,,,,,,,,,,,,,,,,,,,
DIVING_CENOTES_TULUM,QUINTANA ROO,Yucatan Peninsula,20.210514,-87.467499,"Calle Polar poniente S/N Tulum centro 77780 Tulum, Q.R.",(984) 1406813,,,,,,,,,,,,,,,,,,,,,,,,,,,,,,,
DOCTOR_DIVE_COSTA_MAYA,QUINTANA ROO,Yucatan Peninsula,18.715622,-87.707456,"Avenida Mahahual con Calle Coronado, 77940 Mahahual, Q.R.",983 834 5619,info@doctordive.com,,,,,,,,,,,,,,,,,,,,,,,,,,,,,,
DOLPHIN_DIVE_BAJA,BAJA CALIFORNIA SUR,Northwest Mexico,26.007874,-111.3525509,"Benito Juarez S/N Centro, 23880 Loreto, Baja California Sur, Mexico (From Operator Website)",01152 613 135 1914,contact@dolphindivebaja.com,LORETO,6,52,44.58333333,13910,135,1502280,75,208650,63,555843.6,77200.5,MEXICAN,19,Family business,3,5,10,PADI,135,75,3,6,5,10,10,Yes,9,10,10
DORADO_BUCEO,VERACRUZ,Gulf of Mexico,19.193783,-96.124724,Blvd. Manuel Avila Camacho no. 865 Col. Flores Mag�n C.P. 91900,"229 931 43 05, 229 931 31 03, 229 928 09 52","manuel@doradobuceo.com, silva@doradobuceo.com",VERACRUZ Y ANTONIO LIZARDO,7,52,91.25,33215,50,1494675,25,83037.5,70,448402.5,24911.25,MEXICAN,27,Family business,1,12,10,"PADI, SNSI, FMAS",50,25,3,15,0,10,10,Yes,8,10,10
DORADO_BUCEO_CARIBE,QUINTANA ROO,Yucatan Peninsula,20.846962,-86.877154,"no. 6 1, Av Javier Rojo Gomez, Smz 18, 77580 Puerto Morelos, Q.R.",NA,caribe@doradobuceo.com,PUERTO_MORELOS,7,52,11.66666667,4246.666667,75,286650,35,14863.33334,72,80262,4161.733335,MEXICAN,3,Family business,1,3,10,PADI SNSI,75,35,1,15,5,10,10,Yes,5,10,10
DREAMTIME_DIVE_RESORT,QUINTANA ROO,Yucatan Peninsula,18.704289,-87.714221,"KM 2.5 Camino Costal, Mahahual Q. R.  M�mexico.",52 1 983 124 0235,info@dreamtimediving.com,,,,,,,,,,,,,,,,,,,,,,,,,,,,,,
DRESSEL_DIVERS,QUINTANA ROO,Yucatan Peninsula,20.602728,-87.091177,"Pasea Xaman-ha lote 2 Playacar 77717 Playa del Carmen, Q.R.",(984) 8031081,info@dresseldivers.com,,,,,,,,,,,,,,,,,,,,,,,,,,,,,,
DRESSEL_DIVERS_PUERTO_VALLARTA,NAYARIT,Northwest Mexico,20.791328,-105.49172,"Av. Camino Ingreso A Litibu, Lote 15, Punta de Mita, 63734 Nayarit, Nay.",01 321 392 2338,info@dresseldivers.com,,,,,,,,,,,,,,,,,,,,,,,,,,,,,,
EAGLE_RAY_DIVERS,QUINTANA ROO,Yucatan Peninsula,20.465588,-86.980549,"San Miguel de Cozumel, Quintana Roo",(987) 8725735,,,,,,,,,,,,,,,,,,,,,,,,,,,,,,,
EAST_CAPE_EXPLORERS,BAJA CALIFORNIA SUR,Northwest Mexico,23.0490283,-109.7091363,"Edificio Los Pinos, Local B3, Blvd. Tiburon, La Playita, 23403 San Jos� del Cabo, Baja California Sur, Mexico (From GoogleMaps)",01152 1 624 191 2016,�info@eastcapeexplorers.com,,,,,,,,,,,,,,,,,,,,,,,,,,,,,,
EASTCAPE_ADVENTURES,BAJA CALIFORNIA SUR,Northwest Mexico,23.435871,-109.427656,"Cabo Pulmo, B.C.S.",01 624 117 4257,,CABO_PULMO,7,52,116.6666667,42466.66667,120,1528800,50,1486333.333,63,565656,549943.3333,MEXICAN,6,Family business,1,7,3,,120,50,3,6,2,10,10,Yes,2,10,7
ECO_ADVENTURES,BAJA CALIFORNIA SUR,Northwest Mexico,23.4367201,-109.4339294,"Cabo Pulmo, Baja California Sur","044 624 157 4072, 044 624 191 6761",info@tourscabopulmo.com,,,,,,,,,,,,,,,,,,,,,,,,,,,,,,
ECO_DIVERS,QUINTANA ROO,Yucatan Peninsula,20.509062,-86.948681,"MZA, 10a Avenida Sur 201, Centro, 77600 San Miguel de Cozumel, Q.R.",(987) 8725628,Kristin@ecodiverscozumel.com,,,,,,,,,,,,,,,,,,,,,,,,,,,,,,
ECO_EXPLORER,JALISCO,Northwest Mexico,20.665396,-105.248951,"Proa 22, Marina Vallarta, 48335 Puerto Vallarta, Jal.",01 322 221 3257,info@ecoexplorer.com.mx,,,,,,,,,,,,,,,,,,,,,,,,,,,,,,
ECO_SONORA_DIVE_CENTER,SONORA,Northwest Mexico,29.103535,-110.958115,"Nogales #45, Col. Modelo, Hermosillo, Sonora",(662) 2143166,,HERMOSILLO,2,52,5,520,130,40560,99,3431.999997,63,15007.2,1269.839999,MEXICAN,24,Family business,1,6,10,PADI,65,15,0,10,2,10,10,Yes,10,10,10
ECODIVING_TOURS,QUINTANA ROO,Yucatan Peninsula,20.630788,-87.070989,"Av. Constituyentes No. 677 Planta Alta entre 10 y 15, Playa del Carmen Q. Roo",01 984 879 4716,ecodivingtours@gmail.com,,,,,,,,,,,,,,,,,,,,,,,,,,,,,,
ECOTOURS_DE_M�XICO,JALISCO,Northwest Mexico,20.665637,-105.248998,"Proa sn local 20 Marina Vallarta, 48335 Puerto Vallarta, Jal.",01 322 209 2195,info@ecotoursvallarta.com,,,,,,,,,,,,,,,,,,,,,,,,,,,,,,
EL_MAR_DIVING_CENTER,SONORA,Northwest Mexico,27.963479,-111.0284,"263 Creston San Carlos Guaymas, Sonora 85506",(622) 2260404,elmarmexico@gmail.com,SAN_CARLOS,6.333333333,52,50,16466.66667,130,1926600,99,81510,63,712842,30158.7,MEXICAN,32,Family business,1,6,10,"PADI, SSI",130,99,1,26,10,10,10,Yes,1,10,10
EMILIO_DIVE_CENTER,QUINTANA ROO,Yucatan Peninsula,21.258672,-86.749914,"v. Rafael Melgar entre calle 9 y 11 Sur, Cozumel Q. Roo 77600",01 998 159 1054,divemilio@gmail.com,ISLA_MUJERES,7,52,39.58333333,14408.33333,80,922133.3333,45,129675,72,258197.3333,36309,MEXICAN,21,Family business,2,12,10,"SSI, SDI, PADI",80,45,4,10,8,10,10,Yes,6,9,10
ENJOY_DIVING,QUINTANA ROO,Yucatan Peninsula,20.639512,-87.067288,"Quintas del Carmen 145 77710, Playa del Carmen Q.Roo",(984) 8762139,,,,,,,,,,,,,,,,,,,,,,,,,,,,,,,
ESCUELA_DE_NATACI�N_Y_BUCEO_TIBUR�N,MICHOAC�N,Mexican Pacific,19.695905,-101.169349,"Batall�n Independencia 37, Chapultepec Nte., 58260 Morelia, Mich.",01 443 314 1601,,,,,,,,,,,,,,,,,,,,,,,,,,,,,,,
ESPIRITU_Y_BAJA_TOURS,BAJA CALIFORNIA SUR,Northwest Mexico,24.159979,-110.318972,"Lic. Benito Ju�rez, Zona Comercial, 23000 La Paz, B.C.S., Mexico (From GoogleMaps)",01152 612 122 4427,"contacto@espiritubaja.com.mx, espiritubaja@gmail.com",LA_PAZ,6.333333333,52,204.1666667,67238.88889,150,3025750,90,2723175,63,1119527.5,1007574.75,MEXICAN,14,Medium sized business,1,6,0,,,90,3,14,0,10,10,,,10,8
EXPLORA_SUB,TAMAULIPAS,Gulf of Mexico,22.259062,-97.863013,"85506 San Carlos, Sonora, Mexico",(833) 2134050,,,,,,,,,,,,,,,,,,,,,,,,,,,,,,,
EXPLORA_VALLARTA,NAYARIT,Northwest Mexico,20.75461,-105.382125,"Calle Coral # 62, Puerto Vallarta., 63732 Cruz de Huanacaxtle, Nay.",�044 322 132 2753,tours@exploravallarta.com,,,,,,,,,,,,,,,,,,,,,,,,,,,,,,
EXPLORE_DIVERS,YUCATAN,Yucatan Peninsula,21.033003,-89.622243,"Calle 40 #242 x 69 & 71 Col. Montes De Ame. CP. 97115, Merida Yucat�n","(999) 2424370, (999)1002931",ferndo@explorerdivers.com,,,,,,,,,,,,,,,,,,,,,,,,,,,,,,
EXTREME_CONTROL,QUINTANA ROO,Yucatan Peninsula,20.159501,-87.454474,"Carretera Cancun - Tulum Km. 233 + 400 77780 Tulum, Q.R.",(984) 7454555,,,,,,,,,,,,,,,,,,,,,,,,,,,,,,,
FIVE_ELEMENTS_ADVENTURE_CENTER,JALISCO,Northwest Mexico,20.663316,-105.252521,"Club de Tenis Puesta del Sol, Local 7-b, Marina Vallarta, 48335 Puerto Vallarta, Jal.",044 322 139 9247,experience@fiveelementsadventure.com,,,,,,,,,,,,,,,,,,,,,,,,,,,,,,
FUN_BAJA,BAJA CALIFORNIA SUR,Northwest Mexico,24.183765,-110.302573,"Pichilingue Km 6.1, Costa Baja, 23010 La Paz, B.C.S., Mexico (From GoogleMaps)",01152 612 106 7148,"reservation@funbaja.com, tara@funbaja.com",,,,,,,,,,,,,,,,,,,,,,,,,,,,,,
GARY�S_DIVE_SHOP,SONORA,Northwest Mexico,27.959438,-111.037179,"Km.10 Beltrones Blvd. San Carlos, Guaymas Sonora 85506",622-226-0049,gary@garysdivemexico.com,,,,,,,,,,,,,,,,,,,,,,,,,,,,,,
GO_DIVERS,QUINTANA ROO,Yucatan Peninsula,20.507212,-86.952274,"Calle 5 Sur, Centro, 77600 San Miguel de Cozumel, Q.R.",01 987 878 4257,info@godivers.mx,COZUMEL,7,52,48.75,17745,85,1055827.5,55,292792.5,72,295631.7,81981.9,MEXICAN,15,,1,4,10,PADI,85,55,1,6,8,10,10,Yes,10,10,10
GYPSEA_DIVERS,QUINTANA ROO,Yucatan Peninsula,18.715889,-87.708492,"Calle Huauchinango, Detras del National Beach clup  Mahahual Q.R.",01 919 103 8779,coralnegro8@hotmail.com info@gypseadivers.com,,,,,,,,,,,,,,,,,,,,,,,,,,,,,,
H2O_PRO_DIVING,QUINTANA ROO,Yucatan Peninsula,20.209516,-87.474049,"Calle Chichen Itza Lt001 Tulum, 77780 Q. Roo",(984) 1443969,info@h2oprodiving.com,,,,,,,,,,,,,,,,,,,,,,,,,,,,,,
HALOCLINE_DIVERS,QUINTANA ROO,Yucatan Peninsula,20.659257,-87.093344,"Real Ibiza M 2 L 2, CALLE ALBAIDA II, NoExt V.206 AD2EDIF. D, Zona Urbana B, 77723 Playa del Carmen, Quintana Roo",01 984 211 2198,,,,,,,,,,,,,,,,,,,,,,,,,,,,,,,
HOTEL_B_COZUMEL,QUINTANA ROO,Yucatan Peninsula,20.534484,-86.938268,"km 2.5, Av. Rafael E. Melgar, Zona Hotelera Nte., 77600 San Miguel de Cozumel, Q.R.",(987) 1018441,,,,,,,,,,,,,,,,,,,,,,,,,,,,,,,
HUATULCO_DIVE_CENTER,OAXACA,Mexican Pacific,15.764435,-96.121335,"Bah�as de Huatulco Marina Chahu�, L-6",01 958 583 4295,info@huatulcodivecenter.com,HUATULCO,6,52,73.33333333,22880,95,1956240,38,86944,66.27,659839.752,29326.2112,ITALIAN,10,Medium sized business,1,5,10,PADI,95,38,1,10,10,10,10,Yes,10,10,10
HURRICANE_DIVERS_SA_DE_CV,OAXACA,Mexican Pacific,15.762198,-96.129403,Plaza en Chahu� Huatulco,01 958 587 1107,email@hurricanedivers.com,HUATULCO,6,52,19.58333333,6110,110,336050,80,244400,66.27,113349.665,82436.12,DUTCH,20,Family business,1,4,10,PADI,110,80,1,10,5,10,10,Yes,10,8,10
IMPERIAL_DIVERS,VERACRUZ,Gulf of Mexico,19.163928,-96.109507,"Boulevard Ruiz Cortines 1111, Colonia Costa Verde",2292780000,emiliovelez@imperialdivers.com,VERACRUZ Y ANTONIO LIZARDO,7,52,10,3640,55,116783.3333,25,530.8333303,70,35035,159.2499991,MEXICAN,2,Family business,1,2,10,PADI,55,25,1,14,3,10,10,Yes,10,10,10
IXTAPA_AQUA_PARADISE,GUERRERO,Mexican Pacific,17.633021,-101.559238,"Paseo del Morro S/N Interior 1 Puerto M�o Cerro del Almac�n, Puerto M�o, 40880 Ixtapa Zihuatanejo, Gro.",01 755 553 1510,miguelrv1@prodigy.net.mx,IXTAPA,5,52,29.16666667,7583.333333,100,682500,90,68250.00001,66.27,230207.25,23020.725,MEXICAN,18,Family business,1,2,10,PADI,90,20,1,12,7,10,10,Yes,8,10,10
KAY_-_OP_DIVING_CLUB,QUINTANA ROO,Yucatan Peninsula,20.210489,-87.465394,"Carr. Fed. Canc�n - Chetumal, Tulum Q. Roo",(984) 1644040,,,,,,,,,,,,,,,,,,,,,,,,,,,,,,,
KOOX_DIVING,QUINTANA ROO,Yucatan Peninsula,20.211608,-87.461966,"Av. Tulum Mz2Lt4 Centro 77780 Tulum, Q.R.",(984) 9800544,,,,,,,,,,,,,,,,,,,,,,,,,,,,,,,
KOOX_DIVING_PUERTO_AVENTURAS,QUINTANA ROO,Yucatan Peninsula,20.503594,-87.224499,"Bah�a Xcacel MZ 23,LT 11, 77400, 77400 Puerto Aventuras, Q.R.",01 998 980 0661,,,,,,,,,,,,,,,,,,,,,,,,,,,,,,,
LA_VENTANA_BEACH_RESORT,BAJA CALIFORNIA SUR,Northwest Mexico,24.0472054,-109.9904876,"Carretera Isla Cerralvo Km. 7, 23232 La Ventana, B.C.S., Mexico (From GoogleMaps)",52 1 612 139 3919,"info@lvxbajamex.com, jg@lvxbajamex.com",,,,,,,,,,,,,,,,,,,,,,,,,,,,,,
LANDS_END_DIVERS,BAJA CALIFORNIA SUR,Northwest Mexico,22.8810572,-109.9137555,"Blvd. Marina Int. Ht. Tesoro Resort, Col. Centro C.P: 23410 (From Government Data Sheet)",52 624 143 2200,leddiver@hotmail.com.mx,,,,,,,,,,,,,,,,,,,,,,,,,,,,,,
LIQUID_BLUE_DIVERS,QUINTANA ROO,Yucatan Peninsula,20.498571,-86.957219,"Calle 21 Sur #280, Corpus Christi, 77664 San Miguel de Cozumel, Q.R.",987) 8697794,,,,,,,,,,,,,,,,,,,,,,,,,,,,,,,
LOCAL_EXPERIENCIES,NAYARIT,Northwest Mexico,20.754847,-105.380263,CARRETERA FEDERAL LA CRUZ DE HUANACAXTLE-PUNTA DE MITA 129,322 141 6693,,,,,,,,,,,,,,,,,,,,,,,,,,,,,,,
LUCKY_FISH_DIVE_CENTER,QUINTANA ROO,Yucatan Peninsula,20.263441,-87.39364,"Tan Kah Bay 16, Tulum 77780, Mexico",(984) 1190901,,,,,,,,,,,,,,,,,,,,,,,,,,,,,,,
MAHAHUAL_DIVE_CENTER,QUINTANA ROO,Yucatan Peninsula,18.713913,-87.709407,"Calle Caz�n S/N, Col. Mahahual, 77940 Mahahual, Q.R.","983102099, 9831167593",norma@mahahualdivecentre.com,,,,,,,,,,,,,,,,,,,,,,,,,,,,,,
MANTA_DIVERS,QUINTANA ROO,Yucatan Peninsula,21.079757,-86.776434,"Blvd. Kukulcan Km. 16, Marina Del Rey, In front of the Grand Oasis Hotel, Lagoon Side, Zona Hotelera, 77500 Canc�n, Q.R.",01 998 849 4050,,,,,,,,,,,,,,,,,,,,,,,,,,,,,,,
MANTA_RAYA_DIVERS,QUINTANA ROO,Yucatan Peninsula,20.527987,-86.938922,"v. Rafael Melgar entre calle 9 y 11 Sur, Cozumel Q. Roo 77600",(987) 8697987,,,,,,,,,,,,,,,,,,,,,,,,,,,,,,,
MANTA_SCUBA_DIVING,BAJA CALIFORNIA SUR,Northwest Mexico,22.8784681,-109.9107347,"Blvd. Marina #7D Local 37 Int. Plaza Gali. Col . Centro CP 23450 Cabo San Lucas, BCS (From Operator Website)","011 52 624 144 3871, 01152 624 143 8738, 877 287 1120",mantascuba@gmail.com,CABO_SAN_LUCAS,7,52,120.8333333,43983.33333,100,3958500,45,197925,63,1464645,73232.25,ISRAELI,17,Medium sized business,1,14,10,PADI,100,45,3,9,10,10,9,Yes,2,0,0
MANZANILLO_DIVE_AND_SURF,COLIMA,Mexican Pacific,19.119819,-104.360308,"Boulevard Miguel de La Madrid Hurtado 1545, Olas Altas, 28860 Manzanillo, Col.",01 314 164 3242,,MANZANILLO,7,52,25,9100,100,910000,50,4550,66.27,306943,1534.715,MEXICAN,1,Family business,1,7,10,PADI,100,50,2,14,9,10,10,Yes,2,10,10
MAR_Y_SIERRA_CABO_PULMO_SCUBA_DIVING,BAJA CALIFORNIA SUR,Northwest Mexico,23.436,-109.429,"23400 Cabo Pulmo, Baja California Sur, Mexico","01152 624 168 5186, 612 15 30 847",marysierramexico@gmail.com,,,,,,,,,,,,,,,,,,,,,,,,,,,,,,
MARE_SCUBA,CIUDAD DE MEXICO,Gulf of Mexico,19.414544,-99.166513,"Amsterdam 315 interior 301, Hip�dromo, 06100 Ciudad de M�xico, CDMX",01 55 5574 2813,marescuba@gmail.com,CIUDAD_DE_MEXICO,6,52,10,3120,98.95833333,308750,0,0,70,92625,0,MEXICAN,11,Family business,1,3,10,"PADI, SDI",300,0,0,0,6,10,10,Yes,8,10,10
MARKO�S_PARROTFISH,QUINTANA ROO,Yucatan Peninsula,20.510225,-86.94778,"10a Av. Nte 42, Centro, 77600 San Miguel de Cozumel, Q.R.",(987) 8714983,diazoriol@gmail.com,,,,,,,,,,,,,,,,,,,,,,,,,,,,,,
MARLIN_ADVENTURES,BAJA CALIFORNIA SUR,Northwest Mexico,24.160038,-110.31894,"Av. Alvaro Obregon 460-F, Zona Central, 23000 La Paz, B.C.S., Mexico (From GoogleMaps)","01152 612 125 7842, 044 612 137 4495, 044 612 127 1361","roberto@marlidventures.net, gonzalo@marlidventures.net",,,,,,,,,,,,,,,,,,,,,,,,,,,,,,
ME_DIVE_CENTER,QUINTANA ROO,Yucatan Peninsula,20.624351,-87.075185,"Av. 10 and 32 St. Col. Centro 77710 Playa del Carmen, Q. Roo",(984) 1472977,info@medivecenter.com,,,,,,,,,,,,,,,,,,,,,,,,,,,,,,
MERO_ADVENTURES,GUERRERO,Mexican Pacific,17.6527,-101.599548,"Calle de la Colina s/n, Vista Hermosa, 40880 Ixtapa Zihuatanejo, Gro.",044 755 101 9672,fredericbochet@hotmail.com,IXTAPA,6.333333333,52,19.16666667,6312.222222,100,441855.5555,65,123088.3333,66.27,149037.8789,41517.69483,MEXICAN,15,Family business,2,2,7,PADI CMAS,65,35,2,28,1,10,10,Yes,7,10,10
M�XICO_BLUE_DREAM,QUINTANA ROO,Yucatan Peninsula,20.631682,-87.066586,"Calle 28 between 1st Avenue and Mamitas Beach, Playa Del Carmen,",(984) 8030660,info@mexicobluedream.com,,,,,,,,,,,,,,,,,,,,,,,,,,,,,,
MEXICO_DIVERS,QUINTANA ROO,Yucatan Peninsula,21.25706,-86.747066,"Francisco I. Madero 10, Centro - Supmza. 001, 77400 Isla Mujeres, Q.R.",998 877 1117,info@mexicodivers.com,,,,,,,,,,,,,,,,,,,,,,,,,,,,,,
MEXXTREMO_ADVENTURES,QUINTANA ROO,Yucatan Peninsula,20.585351,-87.116594,Carretera federal 307 km.282+500mts Playa del Carmen Q.R.,(984) 1588912,reservations@mexxtremo-adventures.com,,,,,,,,,,,,,,,,,,,,,,,,,,,,,,
MISMALOYA_ADVENTURES,JALISCO,Northwest Mexico,20.531827,-105.289913,"Paseo del R�o 125, Playa Mismaloya, Mismaloya, Puerto Vallarta, Jal.",01 322 228 00 20,lilydgr@hotmail.com,PUERTO_VALLARTA,7,52,75,27300,120,982800,20,382200,63,363636,141414,MEXICAN,30,Family business,1,5,9,,120,20,3,10,8,10,10,Yes,8,10,10
MUNDACA_DIVERS,QUINTANA ROO,Yucatan Peninsula,21.257721,-86.747786,"Francisco I. Madero 10, Centro - Supmza. 001, 77400 Isla Mujeres, Q.R.",998 121 2228,mundacadivers@gmail.com,ISLA_MUJERES,7,52,13.33333333,4853.333333,90,393120,47,2281.066661,72,110073.6,638.6986651,MEXICAN,24,Family business,1,4,10,PADI,90,47,2,14,7,10,10,Yes,10,10,10
MUNDO_SUBMARINO,VERACRUZ,Gulf of Mexico,19.172578,-96.119462,Blvd. Manuel Avila Camacho no. 3549 Fraccionamiento Reforma C.P. 91919,"229 980 63 74, 229 181 86 76",info@mundosubmarino.com.mx,VERACRUZ Y ANTONIO LIZARDO,7,52,68.75,25025,58.75,1470218.75,25,6256.25,70,441065.625,1876.875,MEXICAN,17,Medium sized business,1,6,10,PADI,60,25,3,14,3,10,10,Yes,10,10,10
NAUTILUS_DIVE_TECH,BAJA CALIFORNIA SUR,Northwest Mexico,22.8882189,-109.9163997,"20 de Noviembre Y Melchor Ocampo, 23450 Cabo San Lucas (From Google Maps)","01152 624 143 0067, 521 624 192 3126",info@utilusdivetech.com,CABO_SAN_LUCAS,7,52,26.66666667,9706.666667,105,815360,35,33973.33334,63,301683.2,12570.13333,MEXICAN,12,Family business,1,5,10,PADI,105,35,1,6,6,10,10,Yes,3,10,10
NAYARIT_ADVENTURES,NAYARIT,Northwest Mexico,21.555348,-104.921673,"Calle Estrella del Mar 101, Rodeo de la Punta, 63110 Tepic, Nay.",01 800 837 7383,contacto@yaritadventures.com,,,,,,,,,,,,,,,,,,,,,,,,,,,,,,
OCEAN_NOMADS,QUINTANA ROO,Yucatan Peninsula,20.504423,-86.952479,"Calle 7 entre avenida 10 y 15, cozumel",9878710000,info@oceannomads.me,COZUMEL,5.833333333,52,8.333333333,2527.777778,120,273000,62,3134.444451,72,76440,877.6444461,MEXICAN,3,Family business,1,3,10,PADI,120,62,1,8,4,10,10,No,6,10,10
OCEAN_SPORTS,SONORA,Northwest Mexico,27.947829,-111.053539,Edificio Marina San Carlos L-7,622 2260696,sgalcantar@hotmail.com,SAN_CARLOS,6,52,125,39000,120,4212000,60,234000,63,1558440,86580,MEXICAN,22,Family business,1,6,10,SSI,120,60,1,33,10,1,1,Yes,5,1,7
OCEANO_ADVENTURES,NAYARIT,Northwest Mexico,20.925815,-105.39,"Av Revoluci�n 34-B, 63734 Sayulita, Nay.",0 329 298 8532,sebastian@oceanoadventures.com,SAYULITA,5,52,5,1300,150,136500,78,30420,63,50505,11255.4,MEXICAN,6,Family business,1,10,10,PADI,150,78,2,12,10,10,10,Yes,10,10,10
OCEANOS_EXPEDICIONES_Y_BUCEO,JALISCO,Northwest Mexico,20.67365,-103.395498,"Av. Ignacio L. Vallarta 3233, Local 1F y, Vallarta Poniente, 44110 Guadalajara, Jal.",01 33 3915 8107,alberto@oceanos.com.mx,GUADALAJARA,6,52,49.58333333,15470,250,3480750,15,23205,63,1287877.5,8585.849999,MEXICAN,17,Family business,1,8,10,"SSI, IANTD",250,15,0,0,0,10,10,Yes,10,10,10
OCTOPUSS_GARDEN_DIVE_CENTER,COLIMA,Mexican Pacific,19.078656,-104.305355,"Gral. L�zaro C�rdenas 1499, Playa Azul, Playa Azul las Brisas, 28218 Manzanillo, Col.",01 314 334 5025,info@ogdivecenter.com,MANZANILLO,7,52,13.75,5005,100,450450,45,22522.5,66.27,151936.785,7596.83925,MEXICAN,5,Family business,1,2,10,"SSI, PADI",100,45,,,5,10,10,Yes,9,10,10
OM_DELFIN_DIVING_SHOP,QUINTANA ROO,Yucatan Peninsula,20.846426,-86.876376,"Calle Rafael E. Melgar SM01 M2 L4 Loc 0577580 Puerto Morelos, Q.R.",(998) 1081683,omdelfin@gmail.com,,,,,,,,,,,,,,,,,,,,,,,,,,,,,,
ONCA_EXPLORATIONS,SINALOA,Northwest Mexico,23.262781,-106.464741,"Avenida Camaron Sabalo 2100-G, S�balo Country, 82100 Mazatl�n, Sin.","(669) 9134050, (669) 1160301",oncareserva@gmail.com,,,,,,,,,,,,,,,,,,,,,,,,,,,,,,
OVERHEAD_DIVING_MEXICO,QUINTANA ROO,Yucatan Peninsula,20.682158,-87.052763,"Playa Hermosa, Playa Azul #461, Playa del Carmen, Q.R.",044 984 212 4788,jbayardo13@hotmail.com,PLAYA_DEL_CARMEN,7,52,7.083333333,2578.333333,85,219158.3333,60,1546.999993,72,61364.33333,433.159998,MEXICAN,3,Family business,1,2,10,"PADI, IANTD",85,65,,,7,10,10,Yes,0,10,10
PADI_SCUBA_Y_TOURS_PUERTO_VALLARTA,NAYARIT,Northwest Mexico,20.665981,-105.251015,"Marina Golf by HBM Resorts, Av Paseo de la Marina, Marina Vallarta, 48335 Puerto Vallarta, Jal.",322 221 3912,hola@scubatoursvallarta.com,,,,,,,,,,,,,,,,,,,,,,,,,,,,,,
PALAPAS_VENTANA,BAJA CALIFORNIA SUR,Northwest Mexico,24.0613386,-109.9937225,"Carretera La Ventana - El Sargento Km 9, El Teso, 23232 La Ventana, Baja California Sur",NA,,,,,,,,,,,,,,,,,,,,,,,,,,,,,,,
PALMAS_DE_CORTEZ,BAJA CALIFORNIA SUR,Northwest Mexico,23.6781766,-109.6995217,"Av. 20 de Noviembre #2, Los Barriles, 23330 Los Barriles, B.C.S., Mexico (From GoogleMaps)","52 624 141 0044, 141 0050",info@vanvormerrsorts.com,,,,,,,,,,,,,,,,,,,,,,,,,,,,,,
PAPA_HUG�S_SCUBA_EMPORIUM,QUINTANA ROO,Yucatan Peninsula,20.487966,-86.968054,"Carretera Costera Sur, El Parque, 77600 San Miguel de Cozumel, Q.R.",(987) 8721651,,,,,,,,,,,,,,,,,,,,,,,,,,,,,,,
PARADISE_DIVERS,QUINTANA ROO,Yucatan Peninsula,21.244969,-86.740413,"Av. Rafael E. Melgar 602, Centro, 77600 San Miguel de Cozumel, Q.R.",998 877 0252,barlito@live.mx,,,,,,,,,,,,,,,,,,,,,,,,,,,,,,
PEPE_DIVE_CENTER,QUINTANA ROO,Yucatan Peninsula,20.637528,-87.072479,Calle 44 esquina Avda. 55 Playa del carmen Q. Roo,(984) 1321191,info@pepedivecenter.com,PLAYA_DEL_CARMEN,7,52,116.6666667,42466.66667,85,3609666.667,75,31850.00001,72,1010706.667,8918.000003,MEXICAN,24,Family business,1,5,10,"PADI, ACUC, IANTD, SST, RAID",85,75,1,10,10,10,10,Yes,4,10,10
PEPE_DIVE_MAHAHUAL,QUINTANA ROO,Yucatan Peninsula,18.719065,-87.706932,"Calle Huachinango esquina con Calle Rubia MAHAHUAL, Q.R. M�xico",984 188 4357,info@pepedivemahahual.com,,,,,,,,,,,,,,,,,,,,,,,,,,,,,,
PEPES_DIVE_CENTER,BAJA CALIFORNIA SUR,Northwest Mexico,23.4387089,-109.4320757,"s/n, Cabo Pulmo Biking/Hiking Trail, Cabo Pulmo, 23500 Cabo Pulmo, B.C.S., Mexico (From  GoogleMaps)",01152 624 141 8655,pepesdivecenter@gmail.com,,,,,,,,,,,,,,,,,,,,,,,,,,,,,,
PHANTOM_DIVERS,QUINTANA ROO,Yucatan Peninsula,20.627432,-87.070188,"1 Era. Ave. Norte #238


 Por Calle 14 Playa del Carmen, Quintana Roo",9842780000,info@phantomdivers.com,PLAYA_DEL_CARMEN,7,52,50,18200,90,1474200,60,54600,72,412776,15288,MEXICAN,30,Family business,1,8,10,"PADI, SNSI",90,60,4,10,7,10,8,Yes,10,10,10
PHOCEA_MEXICO,BAJA CALIFORNIA SUR,Northwest Mexico,24.18287,-110.302609,"Policentro � Marina Palmira, 23010 La Paz, Baja California Sur",01 984 873 1210,info@phocea-mexico.com,LA_PAZ,7,52,78.75,28665,200,1287650,30,666802.5,63,476430.5,246716.925,FRENCH,5,Medium sized business,1,5,10,PADI,200,30,1,25,6,8,7,Yes,5,8,8
PHOCEA_RIVIERA_MAYA,QUINTANA ROO,Yucatan Peninsula,20.626389,-87.071782,"Calle Quinta Avenida Gonzalo Guerrero 77720 Playa del Carmen, Quintana Roo",(984) 8731210,info@phocea-mexico.com,,,,,,,,,,,,,,,,,,,,,,,,,,,,,,
PLANET_SCUBA_MEXICO,QUINTANA ROO,Yucatan Peninsula,20.501531,-87.222899,"Calle Bahia XCacel Manzana 18 Lote 4 Local C3, 77750 Puerto Aventuras, Q.R.",(984) 1820227,info@planetscubamexico.com,,,,,,,,,,,,,,,,,,,,,,,,,,,,,,
PLAYA_DIVING_CENTER,QUINTANA ROO,Yucatan Peninsula,20.637401,-87.066083,"10 av. norte esquina calle 42 nte Zazil-ha 77710 Playa del Carmen, Q.R.",(984) 2673601,info@playadivingcenter.com,,,,,,,,,,,,,,,,,,,,,,,,,,,,,,
PLUTO_DIVE,QUINTANA ROO,Yucatan Peninsula,20.636672,-87.065871,"Calle 40 S/N Zazil Ha, Gonzalo Guerrero 77720 Playa del Carmen,",(984) 1519046,info@plutodive.com,PLAYA_DEL_CARMEN,7,52,13.33333333,4853.333333,80,388266.6667,0,0,72,108714.6667,0,MEXICAN,15,Family business,1,2,10,"PADI, IANTD",80,,1,8,5,10,10,Yes,5,10,10
POCNA_DIVE_CENTER,QUINTANA ROO,Yucatan Peninsula,21.256693,-86.74897,"Mz 26 Lte. 3, 77400, Matamoros 15, Centro - Supmza. 001, Isla Mujeres, Q.R.",998 274 9111,divepoc@yahoo.com,,,,,,,,,,,,,,,,,,,,,,,,,,,,,,
PONTE_BUZO_DIVE_CENTER,QUINTANA ROO,Yucatan Peninsula,20.446346,-86.990599,"Carretera Costera Sur Km 9 S/N, Cozumel, 77600 San Miguel de Cozumel, Q.R.",01 999 101 0467,booking@pontebuzo.mx,,,,,,,,,,,,,,,,,,,,,,,,,,,,,,
POSEIDON,YUCATAN,Yucatan Peninsula,21.00363,-89.607718,"Calle 17 #77 entre 14 Y 16 col. M�xico, M�rida, Yucat�n.",(999) 9447058,info@poseidon.mx,MERIDA,2,52,25,2600,130,304200,45,5850,72,85176,1638,MEXICAN,18,Medium sized business,1,4,10,SNSI,130,45,0,,8,10,10,Yes,6,8,8
PRO_DIVE_INTERNATIONAL,QUINTANA ROO,Yucatan Peninsula,20.340924,-87.021331,"Km. 282, Carr. Tulum - Canc�n, Ejidal, 77712 Playa del Carmen, Q.R.",(984) 8028387,reservations@prodiveintertiol.com,COZUMEL,7,52,137.5,50050,88,3963960,60,300300,72,1109908.8,84084,MEXICAN,16,Medium sized business,11,100,10,PADI,59,59,11,15,4,10,10,Yes,5,10,8
PRO_DIVE_INTERNATIONAL,QUINTANA ROO,Yucatan Peninsula,20.340924,-87.021331,"Km. 282, Carr. Tulum - Canc�n, Ejidal, 77712 Playa del Carmen, Q.R.",(984) 8028387,reservations@prodiveintertiol.com,COZUMEL,7,52,137.5,50050,88,3963960,60,300300,72,1109908.8,84084,GERMAN,16,Large sized business owned by with 2 or more people,4,50,10,PADI,88,60,,,1,10,10,No,0,8,7
PRO_DIVE_INTERNATIONAL,QUINTANA ROO,Yucatan Peninsula,20.340924,-87.021331,"Km. 282, Carr. Tulum - Canc�n, Ejidal, 77712 Playa del Carmen, Q.R.",(984) 8028387,reservations@prodiveintertiol.com,PLAYA_DEL_CARMEN,7,52,1433.333333,521733.3333,59,18469360,59,12312906.67,72,5171420.8,3447613.867,MEXICAN,16,Medium sized business,11,100,10,PADI,59,59,11,15,4,10,10,Yes,5,10,8
PRO_DIVE_INTERNATIONAL,QUINTANA ROO,Yucatan Peninsula,20.340924,-87.021331,"Km. 282, Carr. Tulum - Canc�n, Ejidal, 77712 Playa del Carmen, Q.R.",(984) 8028387,reservations@prodiveintertiol.com,PLAYA_DEL_CARMEN,7,52,1433.333333,521733.3333,59,18469360,59,12312906.67,72,5171420.8,3447613.867,GERMAN,16,Large sized business owned by with 2 or more people,4,50,10,PADI,88,60,,,1,10,10,No,0,8,7
PROTEC_ADVANCED_TRAINING_FACILITY,QUINTANA ROO,Yucatan Peninsula,20.626935,-87.078306,"Calle 4 Nte. Bis., Downtown, 77710 Playa del Carmen, Q.R.",(984) 8031168,info@protecdivecenters.com,,,,,,,,,,,,,,,,,,,,,,,,,,,,,,
PUERTO_LOBOS_DIVE_CAMP,VERACRUZ,Gulf of Mexico,21.261094,-97.442979,"Mangles #25, Colonia Angola, C.P. 92560",768 857 0421,,,,,,,,,,,,,,,,,,,,,,,,,,,,,,,
PUNTA_MITA_ADVENTURES,NAYARIT,Northwest Mexico,20.781751,-105.530201,"63734 Corral del Risco, Nayarit",01 322 226 8413,info@theadventuresgroup.com,,,,,,,,,,,,,,,,,,,,,,,,,,,,,,
PUNTA_MITA_EXPEDITIONS,NAYARIT,Northwest Mexico,20.782862,-105.52678,"Av El Anclote 200, Local 1, Nuevo Corral del Risco, 63734 Punta de Mita, Nayarit",329 29 16649,reservaciones@puntamitaexpeditions.com,,,,,,,,,,,,,,,,,,,,,,,,,,,,,,
PV_OCEAN_TOURS,JALISCO,Northwest Mexico,20.634783,-105.223687,"Calle Pez Espada 197, Las Gaviotas, 48328 Puerto Vallarta, Jal.",01 322 429 4073,info@pvoceantours.com,,,,,,,,,,,,,,,,,,,,,,,,,,,,,,
RAMON_ZAPATA_DIVERS,QUINTANA ROO,Yucatan Peninsula,20.512825,-86.947035,"Calle 6 Norte 94 entre 5a Avenida y Rafael E. Melgar, 77600 San Miguel de Cozumel, Q.R.",(987) 8710555,,,,,,,,,,,,,,,,,,,,,,,,,,,,,,,
REEF_QUEST_DIVERS_MEXICO,QUINTANA ROO,Yucatan Peninsula,20.626589,-87.070503,"Blue Parrot Beach Club, Calle 12 & Playa, Playa del Carmen Q. Roo",(984) 1173597,Info@reefquestdiversmexico.com,,,,,,,,,,,,,,,,,,,,,,,,,,,,,,
RICARDOS_DIVING_TOURS,BAJA CALIFORNIA,Northwest Mexico,28.957564,-113.559143,"Bah�a de los �ngeles, Baja California",01 200 124 9264,ricardosdivingtours@gmail.com,,,,,,,,,,,,,,,,,,,,,,,,,,,,,,
RIVIERA_MAYA_ADVENTURES,QUINTANA ROO,Yucatan Peninsula,20.212642,-87.456908,"Mza. 12, Calle 15, lote 24B, Tulum Q. Roo",(984) 1003176,,,,,,,,,,,,,,,,,,,,,,,,,,,,,,,
ROSARITO_OCEAN_SPORTS_WATER_SPORTS_AND_TOURS,BAJA CALIFORNIA,Northwest Mexico,32.339548,-117.055658,Blvd. Benito Juarez #890-7   Playas de Rosarito B.C.�  C.O. 22710 (From Google Maps),01152 661 100 2196,info@rosaritooceansports.com,,,,,,,,,,,,,,,,,,,,,,,,,,,,,,
SAND_DOLLAR_SPORTS,QUINTANA ROO,Yucatan Peninsula,20.479406,-86.973761,"65 AVENUE 216, 10 DE ABRIL, 77622 SAN MIGUEL DE COZUMEL, Q.R., MEXICO",(987) 8720793,SDS@SANDDOLLARSPORTS.COM,,,,,,,,,,,,,,,,,,,,,,,,,,,,,,
SAYULITA_ENTOURAGE,NAYARIT,Northwest Mexico,20.870245,-105.436639,"Calle Miramar 20, colonia centro, 63734 Sayulita, Nay.",01 322 191 1066,�info@sayulitaentourage.com,,,,,,,,,,,,,,,,,,,,,,,,,,,,,,
SCA_DIVE_CENTER,YUCATAN,Yucatan Peninsula,21.022219,-89.645131,"Calle 61 217, Francisco de Montejo, 97203 M�rida, Yuc.",01 999 400 0052,info@scadivecenter.com,MERIDA,3.5,52,35.41666667,6445.833333,90,580125,30,1933.750002,72,162435,541.4500005,MEXICAN,5,Medium sized business,1,4,10,PADI,90,30,0,0,6,10,10,No,4,10,10
SCORPIO_DIVERS,QUINTANA ROO,Yucatan Peninsula,21.143365,-86.790974,"Pescador, Zona Hotelera, 77500 Canc�n, Q.R.",044 998 734 9207,,,,,,,,,,,,,,,,,,,,,,,,,,,,,,,
SCUBA_10,QUINTANA ROO,Yucatan Peninsula,20.62765,-87.072866,"Av.10 entre calle 10 y 12 col. Centro, Playa del Carmen Q. Roo",(984) 8030573,info@scuba10.net,,,,,,,,,,,,,,,,,,,,,,,,,,,,,,
SCUBA_CANCUN,QUINTANA ROO,Yucatan Peninsula,21.143577,-86.781768,"Blvd. Kukulcan 5, Zona Hotelera, 77500 Canc�n, Q.R.",01 998 849 5226,tom@tomhurtado.com,,,,,,,,,,,,,,,,,,,,,,,,,,,,,,
SCUBA_CARIBE,BAJA CALIFORNIA SUR,Northwest Mexico,22.895842,-109.892862,"Vista Hermosa 13, Pen�nsula de Santiago, 28868 Manzanillo, Col.",624 144 7157,info@scubacaribe.com,,,,,,,,,,,,,,,,,,,,,,,,,,,,,,
SCUBA_CLUB_COZUMEL,QUINTANA ROO,Yucatan Peninsula,20.499829,-86.960988,Av. R Melgar Prol. S. km 1.5. Cozumel Q. Roo 77600,(987) 8720111,,,,,,,,,,,,,,,,,,,,,,,,,,,,,,,
SCUBA_DIVE_ISLA_MUJERES,QUINTANA ROO,Yucatan Peninsula,21.258516,-86.749918,"Adolfo L�pez Mateos 27, Centro-Supmza. 001, 77400 Isla Mujeres",998 159 1054,divemilio@gmail.com,,,,,,,,,,,,,,,,,,,,,,,,,,,,,,
SCUBA_DIVING_ANFIBIOS_HUATULCO,OAXACA,Mexican Pacific,15.774363,-96.138992,Bah�a Arrocito 11 Coyula Sector U 70988 Huatulco,52 (1)9585876154,alex@anfibioshuatulco.com,HUATULCO,5,52,34.16666667,8883.333333,88,781733.3333,14,1243.666668,66.27,263678.6533,419.4887671,MEXICAN,8,Family business,1,2,10,PADI,88,14,1,8,8,10,10,Yes,10,10,10
SCUBA_GAMMA_DIVING_CENTER,QUINTANA ROO,Yucatan Peninsula,20.507176,-86.952235,"street 5 south #400 crossing 5th Av, Centro, 77600 San Miguel de Cozumel, Q.R.",(987) 8784257,,,,,,,,,,,,,,,,,,,,,,,,,,,,,,,
SCUBA_LIBRE,QUINTANA ROO,Yucatan Peninsula,20.62397,-87.073733,"Calle 4 entre 5ta. Av. Y Z. Fed. Maritima 77710 Playa del Carmen, Q.Roo",(984) 8032671,info@scubalibre.com.mx,,,,,,,,,,,,,,,,,,,,,,,,,,,,,,
SCUBA_MAROMA,QUINTANA ROO,Yucatan Peninsula,20.723685,-86.976616,"Carretera Canc�n-Chetumal, Centro, 77710 Playa del Carmen, Q.R.",9841520000,supbuceo@maromaparadice.com,PLAYA_DEL_CARMEN,7,52,2916.666667,1061666.667,112,11890666.67,75,31850000,72,3329386.667,8918000,MEXICAN,6,Large sized business owned by one person,1,8,8,PADI,112,75,3,10,7,10,9,Yes,4,10,8
SCUBA_MAU,QUINTANA ROO,Yucatan Peninsula,20.491502,-86.966317,"Villa Blanca Beach, 2.85 Km, Carretera Costera Sur, Cozumel, Quintana Roo",(987) 8724891,info@scubamau.com,,,,,,,,,,,,,,,,,,,,,,,,,,,,,,
SCUBA_MEX_DIVE_CENTER,QUINTANA ROO,Yucatan Peninsula,20.522534,-87.192272,"Carretera Federal Cancun -Tulum km 85, 77710 Paa Mul, Q.R.",(984) 8751066,divequestions@hotmail.com,,,,,,,,,,,,,,,,,,,,,,,,,,,,,,
SCUBA_MOBILE_DIVECENTER,QUINTANA ROO,Yucatan Peninsula,20.625664,-87.075402,15 avenida norte # 151 L 4 entre calle 4 y calle 6 centro Playa del Carmen Q.R.,(984) 1479958,reservations@scubamobile.com,,,,,,,,,,,,,,,,,,,,,,,,,,,,,,
SCUBA_MUSA,QUINTANA ROO,Yucatan Peninsula,21.245148,-86.740397,"Av Rueda Medina 491, Bah�a, 77400 Isla Mujeres, Q.R.",01 998 266 7916,buceoxtabay@gmail.com,ISLA_MUJERES,7,52,18.33333333,6673.333333,60,320320,30,40040,72,89689.6,11211.2,MEXICAN,1,Family business,1,3,10,PADI,60,30,1,8,8,10,10,No,10,10,10
SCUBA_PLAYA,QUINTANA ROO,Yucatan Peninsula,20.626473,-87.07199,"Calle 10 Norte entre 5ta y 1ra Av. Centro, Playa del Carmen.",(984) 8033123,info@scubaplaya.com,,,,,,,,,,,,,,,,,,,,,,,,,,,,,,
SCUBA_STEVE,NAYARIT,Northwest Mexico,20.691252,-105.295139,"Av. Paseo de los Cocoteros #1, Nuevo Vallarta Nayarit 63732",322 127 5665,scubastevepv@gmail.com,,,,,,,,,,,,,,,,,,,,,,,,,,,,,,
SCUBA_TONY_COZUMEL,QUINTANA ROO,Yucatan Peninsula,20.502165,-86.956693,"Gonzalo Guerrero, San Miguel de Cozumel, Q.R.",(987) 8698268,info@scubatony.com,,,,,,,,,,,,,,,,,,,,,,,,,,,,,,
SCUBA_TOTAL_CANCUN,QUINTANA ROO,Yucatan Peninsula,21.143635,-86.791348,"Blvd. Kukulcan Km.4, Zona Hotelera, 77500 Canc�n, Q.R.",044 998 131 3571,scubatotal@gmail.com,,,,,,,,,,,,,,,,,,,,,,,,,,,,,,
SCUBACARIBE,QUINTANA ROO,Yucatan Peninsula,21.143381,-86.774753,"Paseo Xaman-ha, Manzana 3, Lote 4, Riu Palace Mexico, Playacar, 77710 Playa del Carmen, Q.R.",01 984 803 3887,info@scubacaribe.com,,,,,,,,,,,,,,,,,,,,,,,,,,,,,,
SCUBACARIBE_VALLARTA,NAYARIT,Northwest Mexico,20.737729,-105.320484,"Av. de los Cocoteros, S/N, Lote Hotelero K. Bah�a de Banderas. Riviera, Nayarit, 63734 Nuevo Vallarta",01 33 2297 7563,info@scubacaribe.com,,,,,,,,,,,,,,,,,,,,,,,,,,,,,,
SCUBAVER,VERACRUZ,Gulf of Mexico,19.197899,-96.13068,Hern�ndez y Hern�ndez #563 Entre V�ctimas y Doblado - Fracc. Faros,"01 229 932 39 94, 01 229 931 69 64",,VERACRUZ Y ANTONIO LIZARDO,7,52,43.75,15925,60,859950,25,39812.5,70,257985,11943.75,MEXICAN,23,Large sized business owned by with 2 or more people,1,7,9,"PADI, SSI, FMAS",60,25,3,15,1,10,10,Yes,10,10,8
SEA_HAWK_DIVERS,QUINTANA ROO,Yucatan Peninsula,21.260119,-86.749749,"Carlos Lazo MZ 30 Lte 19, SM 1, 77400 Isla Mujeres, Q.R.",998 877 1233,seahawkdivers@hotmail.com,ISLA_MUJERES,6,52,39.58333333,12350,106,640770,45,258862.5,72,179415.6,72481.5,MEXICAN,28,Family business,1,8,9,PADI,106,45,2,10,6,8,10,Yes,4,9,9
SEA_LIFE_DIVERS,QUINTANA ROO,Yucatan Peninsula,20.639171,-87.072289,"5th Avenue entre calle 38 y 40, Playa del Carmen, Quintana Roo 77710",(984) 1519045,info@sealifedivers.com,,,,,,,,,,,,,,,,,,,,,,,,,,,,,,
SEA_PRO_DIVERS,QUINTANA ROO,Yucatan Peninsula,20.668519,-87.028131,"Princes Hotels, Prolongacion 5-A Avda Manzana 20, Lote 6 Playa del Carmen Q.Roo 77710",(984) 1164145,,,,,,,,,,,,,,,,,,,,,,,,,,,,,,,
SEA_Y_LAND_TOURS,BAJA CALIFORNIA SUR,Northwest Mexico,26.0102688,-111.3440026,"Calle Francisco I. Madero S/N, Col. Centro, 23880 Loreto, B.C.S., Mexico (From GoogleMaps)",01152 613 135 0680,toursloreto@gmail.com,LORETO,7,52,195.8333333,71283.33333,100,1289166.667,45,1603875,63,476991.6667,593433.75,MEXICAN,13,Family business,1,20,8,PADI,100,45,12,14,3,10,10,Yes,5,10,10
SHARK_ENCOUNTERS,BAJA CALIFORNIA SUR,Northwest Mexico,24.162922,-110.317124,"Plaza Cerralvo, Zona Central, 23000 La Paz, B.C.S.",01 612 128 6537,,,,,,,,,,,,,,,,,,,,,,,,,,,,,,,
SILENT_WORLD_DIVERS,JALISCO,Northwest Mexico,20.633687,-105.230288,"Centro, 48300 Puerto Vallarta, Jal.",01 322 225 6750,godive@silentworlddivers.com,PUERTO_VALLARTA,7,52,154.1666667,56116.66667,100,3746166.667,60,1228500,63,1386081.667,454545,MEXICAN,36,Family business,1,7,10,"PADI, SSI",100,60,1,12,7,10,10,Yes,6,10,10
SNUBA_PUERTO_MORELOS,QUINTANA ROO,Yucatan Peninsula,20.848179,-86.876233,"Av. Javier Rojo Gomez s/n Benito Juarez 77580 Puerto Morelos, Q.R.",NA,,,,,,,,,,,,,,,,,,,,,,,,,,,,,,,
SOBUCA_VERACRUZ,VERACRUZ,Gulf of Mexico,19.061489,-95.990118,"Av Azueta 43, Anton Lizardo, 95269 Anton Lizardo, Ver.","297 956 00 90, 229 164 88 88","sobuca@outlook.com, sobuca1@gmail.com, sobuca1@yahoo.com.mx",,,,,,,,,,,,,,,,,,,,,,,,,,,,,,
SOLO_BUCEO,QUINTANA ROO,Yucatan Peninsula,21.136116,-86.742804,"Blvd. Kukulcan 9, Zona Hotelera, 77500 Canc�n, Q.R.",044 998 260 4995,frontdesk@solobuceo.com,CANCUN,5.666666667,52,200,58933.33334,120,5657600,40,471466.6667,72,1584128,132010.6667,MEXICAN,37,Family business,1,35,10,"PADI, SSI, FMAS, CMAS",120,40,6,12,10,10,10,Yes,10,10,10
SQUALO_ADVENTURES,QUINTANA ROO,Yucatan Peninsula,21.258094,-86.749584,"Av. Hidalgo no. 27 Plaza Isla mujeres, Isla mujeres, 77400",998 116 6749,info@squaloadventures.com,,,,,,,,,,,,,,,,,,,,,,,,,,,,,,
SQUALO_DIVERS_CANCUN,QUINTANA ROO,Yucatan Peninsula,21.150061,-86.822852,"Av. Sayil 19, 4, 77500 cancun,Quintana Roo, Q.R.",01 998 251 4068,info@squalodivers.com,,,,,,,,,,,,,,,,,,,,,,,,,,,,,,
STUDIO_BLUE_COZUMEL,QUINTANA ROO,Yucatan Peninsula,20.507894,-86.949764,"Calle Dr. Adolfo Rosado Salas #121 entre 5 y, 10 Av. Sur, Centro, 77600 San Miguel de Cozumel, Q.R.",(987) 8724414,,,,,,,,,,,,,,,,,,,,,,,,,,,,,,,
SUN_RIDER_ADVENTURES,BAJA CALIFORNIA SUR,Northwest Mexico,22.8776219,-109.9103787,"Plaza Gali, Blvd. Paseo de la Marina s/n, Centro, 23450 Cabo San Lucas, B.C.S.","01152 624 143 2252, 01152 624 143 2252, 619 354 3090","info@sunridertours.com, rp@sunridertours.com",CABO_SAN_LUCAS,7,52,750,273000,100,5460000,70,11466000,63,2020200,4242420,MEXICAN,20,Large sized business owned by with 2 or more people,2,50,10,"PADI, SSI",100,70,6,100,10,10,10,Yes,8,10,5
SUN_RIDER_ADVENTURES,BAJA CALIFORNIA SUR,Northwest Mexico,22.8776219,-109.9103787,"Paseo Alvaro Obregon 1775, Zona Central, 23000 La Paz, B.C.S.","01152 624 143 2252, 01152 624 143 2252, 619 354 3090","info@sunridertours.com, rp@sunridertours.com",LA_PAZ,7,52,237.5,86450,100,1729000,60,3112200,63,639730,1151514,MEXICAN,20,Large sized business owned by with 2 or more people,2,50,10,"PADI, SSI",100,70,6,100,10,10,10,Yes,8,10,5
SWISS_DIVERS_ASSOCIATION,GUERRERO,Mexican Pacific,16.82992,-99.901361,"Cerro San Martin 325, Int. Hotel Caleta, Las Playas, 39390 Acapulco, Gro.",01 744 482 1357,info@swissdivers.com,,,,,,,,,,,,,,,,,,,,,,,,,,,,,,
TAKATA_EXPERIENCE,QUINTANA ROO,Yucatan Peninsula,18.703516,-87.714332,"Carretera Mahahual � Xcalak, Km 2.6, S/N Manzana 29, Lote 11, Mahahual,  Q. R. Mexico",01 983 176 5853,info@takataexperience.com,,,,,,,,,,,,,,,,,,,,,,,,,,,,,,
TANK_HA_DIVE_CENTER,QUINTANA ROO,Yucatan Peninsula,20.630363,-87.068846,"Avenida 1 entre Calles 20 y 22, Centro, 77710 Playa del Carmen, Q.R.",(984) 8730302,dive@tankha.com,PLAYA_DEL_CARMEN,7,52,48.88888889,17795.55556,80,1281280,60,23579.11112,72,358758.4,6602.151113,MEXICAN,30,,1,,9,PADI,80,60,,,3,,8,Yes,8,10,10
TRES_PELICANOS,QUINTANA ROO,Yucatan Peninsula,20.507303,-86.952168,"Calle 5 Sur 400B, Centro, 77600 San Miguel de Cozumel, Q.R.",01 987 869 1168,,,,,,,,,,,,,,,,,,,,,,,,,,,,,,,
TULAKA_DIVING,QUINTANA ROO,Yucatan Peninsula,20.849669,-86.876196,"Ni�os Heroes MZ6LT14 77580 Puerto Morelos, Quintana Roo",9982070000,tulakadiving@gmail.com,PUERTO_MORELOS,7,52,28.33333333,10313.33333,90,371280,35,216580,72,103958.4,60642.4,SPANISH,6,Family business,1,4,10,"PADI, NTD",90,35,1,8,8,10,10,Yes,3,10,10
UNIVERSIDAD_VERACRUZANA,VERACRUZ,Gulf of Mexico,20.952862,-97.456703,CARRETERA TUXPAN-TAMPICO KM 7.5,7821090000,fmartos@uv.mx,TUXPAN,2,52,25,2600,70,182000,25,650,70,54600,195,MEXICAN,11,Family business,1,5,10,SSI,70,25,1,12,5,10,10,Yes,10,10,10
VALLARTA_ADVENTURES,NAYARIT,Northwest Mexico,20.691266,-105.2885,"C, M�stil 13, Marina Vallarta, 48335 Puerto Vallarta, Jal.",01 322 297 1212,info@vallartaadventures.com,BAHIA_DE_BANDERAS,7,52,63.125,22977.5,122,280325.5,80,1286740,63,103720.435,476093.8,MEXICAN,22,Large sized business owned by one person,2,,2,PADI,122,80,15,,6,10,10,Yes,10,10,10
VALLARTA_BY_BOAT,JALISCO,Northwest Mexico,20.639589,-105.226564,"R�o Amarillo 193, D�az Ordaz, 48310 Puerto Vallarta, Jal.",322 22 12510,contacto@vallartabyboat.com,,,,,,,,,,,,,,,,,,,,,,,,,,,,,,
VALLARTA_TOURS,JALISCO,Northwest Mexico,20.662188,-105.251141,"Condomios Palmas 1 Local 14 Terraza Malecon, Marina Vallarta, 48335 Puerto Vallarta, Jal.",01 322 134 5432,vallartatours@hotmail.com,,,,,,,,,,,,,,,,,,,,,,,,,,,,,,
VALLARTA_UNDERSEA,JALISCO,Northwest Mexico,20.665687,-105.248831,"Condominios Marina del Rey, Proa S/N, Marina Vallarta, 48450 Puerto Vallarta, Jal.",01 322 209 0025,godive@vallartaundersea.com.mx,,,,,,,,,,,,,,,,,,,,,,,,,,,,,,
VENTANA_WINDSPORTS,BAJA CALIFORNIA SUR,Northwest Mexico,24.0477626,-109.9904568,"Calle Gilberto Aviles Aviles, La Ventana, B.C.S., Mexico (From GoogleMaps)",011 52 612 114-0065,Info@VentaWindsports.com,,,,,,,,,,,,,,,,,,,,,,,,,,,,,,
VERACRUZ_ADVENTURES,VERACRUZ,Gulf of Mexico,20.955144,-97.41373,Pino Su�rez #3191 entre S�nchez tagle y campero Col. Centro,"229 213 75 28, 229 213 75 30","veradventures@ver.megared.net.mx, franciscojavierpinopoxtan@hotmail.com",,,,,,,,,,,,,,,,,,,,,,,,,,,,,,
VIDA_AQUATICA_DIVECENTER,QUINTANA ROO,Yucatan Peninsula,20.632788,-87.063611,"Calle 38 N. and Zona Federal Maritima (Beach) Gonzalo Guerrero 77710 Playa del Carmen, Q.R.",(984) 8032517,info@vidaaquatica.com,,,,,,,,,,,,,,,,,,,,,,,,,,,,,,
WATER_SPORTS_IN_CANCUN,QUINTANA ROO,Yucatan Peninsula,21.17629,-86.871917,"Playa Blanca, 222, 77520 Canc�n, Q.R.",01 998 146 2214,,,,,,,,,,,,,,,,,,,,,,,,,,,,,,,
WET_SET_DIVING_ADVENTURES,QUINTANA ROO,Yucatan Peninsula,20.851674,-86.873531,Av. Javier Rojo G�mez and Ejercito Mexicano Puerto Morelos Q. Roo,(998) 2069204,info@wetset.com,,,,,,,,,,,,,,,,,,,,,,,,,,,,,,
WILDLIFE_CONNECTION,JALISCO,Northwest Mexico,20.660938,-105.248567,"Avenida Paseo de la Marina Sur 214, 48335 Puerto Vallarta",01 322 225 3621,,,,,,,,,,,,,,,,,,,,,,,,,,,,,,,
XANFARI,CAMPECHE,Yucatan Peninsula,18.78623,-90.660569,"MIGUEL COLORADO. CHAMPOTON, CAMPECHE",NA,,,,,,,,,,,,,,,,,,,,,,,,,,,,,,,
XIBALBA_DIVE_CENTER,QUINTANA ROO,Yucatan Peninsula,20.212501,-87.456345,"Avenida Andromeda Oriente Manzana 7 Lote 7, Centro, 77780 Tulum, Q.R.",(984) 8712953,info@xibalbadivecenter.com,,,,,,,,,,,,,,,,,,,,,,,,,,,,,,
XTC_DIVE_CENTER,QUINTANA ROO,Yucatan Peninsula,18.280482,-87.834736,"Km. 54 Camino Costero, Xcalak Q. R. M�xico",01 983 839 8865,info@XTCdivecenter,,,,,,,,,,,,,,,,,,,,,,,,,,,,,,
YUCATAN_DIVE_CENTER,YUCATAN,Yucatan Peninsula,20.987015,-89.630921,"Calle 16 201H, Garc�a Giner�s, 97070 M�rida, Yuc.",(999) 9253854,info@yucatandive.com,MERIDA,6,52,6.666666667,2080,120,224640,55,11440.00001,72,62899.2,3203.200002,MEXICAN,15,Family business,1,4,10,"PADI, SDI, TDI, DAN",120,55,0,0,10,10,10,Yes,8,10,10
YUCATEK_DIVERS,QUINTANA ROO,Yucatan Peninsula,20.624837,-87.076052,"Avenida 15 Norte entre Calle 2 Y 4, Centro, 77710 Playa del Carmen, Q.R.",(984) 8031363,info@yucatek-divers.com,,,,,,,,,,,,,,,,,,,,,,,,,,,,,,
ZIHUATANEJO_DIVE_CENTER,GUERRERO,Mexican Pacific,17.636702,-101.560399,"La Noria #1 Col. Lazaro Cardenas Zihuatanejo, Gro 40880",755 131 0998,info@scubazihuatanejo.com,,,,,,,,,,,,,,,,,,,,,,,,,,,,,,
ZONA_DE_BUCEO,QUINTANA ROO,Yucatan Peninsula,18.719825,-87.706593,"Calle Kohunlich Mz.8, Lt.38, Nuevo Mahahual, 77940 Mahahual, Q.R.",044 983 107 9385,acquantica@yahoo.com.mx,,,,,,,,,,,,,,,,,,,,,,,,,,,,,,
